query,impressions,category
scooty rent in varanasi,260.0,bike_scooty_rent
scooty on rent in varanasi,195.0,bike_scooty_rent
bike on rent in varanasi,119.0,bike_scooty_rent
scooty rental in varanasi,113.0,bike_scooty_rent
varanasi scooty rent,54.0,bike_scooty_rent
bike rent in varanasi,179.0,bike_scooty_rent
sarnath temple varanasi timings,123.0,timings_aarti
varanasi bike rental,69.0,bike_scooty_rent
rent scooty in varanasi,63.0,bike_scooty_rent
sarnath mandir timing,64.0,timings_aarti
bike rent varanasi,207.0,bike_scooty_rent
varanasi airport to kashi vishwanath temple distance,631.0,taxi_cab_airport
bike rental in varanasi,122.0,bike_scooty_rent
varanasi se vindhyachal ki duri,152.0,distance_route
sarnath varanasi timings,109.0,timings_aarti
bike rentals in varanasi,62.0,bike_scooty_rent
scooty on rent varanasi,56.0,bike_scooty_rent
varanasi to vindhyachal distance by road,162.0,distance_route
weather in varanasi in december,98.0,weather
is varanasi safe for women,87.0,safety
bike rental varanasi,82.0,bike_scooty_rent
rental scooty in varanasi,72.0,bike_scooty_rent
rental bike varanasi,59.0,bike_scooty_rent
sarnath timing in varanasi,41.0,timings_aarti
rent a bike in varanasi,24.0,bike_scooty_rent
scooty rent in varanasi near railway station,17.0,bike_scooty_rent
varanasi scooty rental,14.0,bike_scooty_rent
sarnath buddhist temple varanasi tickets,13.0,tickets_price
outstation taxi service in varanasi,7.0,taxi_cab_airport
varanasi weather in february 2026,139.0,weather
rental bike in varanasi,91.0,bike_scooty_rent
rent bike in varanasi,88.0,bike_scooty_rent
bike on rent varanasi,74.0,bike_scooty_rent
kabira festival varanasi 2025,68.0,other
sarnath opening time,61.0,timings_aarti
sarnath opening and closing time today,56.0,timings_aarti
kabira festival varanasi,56.0,other
what to wear in banaras in winter,46.0,weather
dress to wear in banaras,37.0,outfits_dress_code
assi ghat morning aarti time today,35.0,timings_aarti
rental bikes in varanasi,34.0,bike_scooty_rent
varanasi music festival 2025,29.0,other
what to wear in varanasi in winter,25.0,weather
weather of varanasi in december,19.0,weather
two wheeler on rent in varanasi,18.0,bike_scooty_rent
scooty rent varanasi,15.0,bike_scooty_rent
scooty rental varanasi,14.0,bike_scooty_rent
scooter rent in varanasi,11.0,bike_scooty_rent
2 wheeler rent in varanasi,7.0,bike_scooty_rent
auto fare in varanasi,7.0,other
goenka dharamshala vindhyachal,6.0,hotel_dharamshala
car rental in varanasi for outstation,3.0,other
bodhgaya to varanasi distance,166.0,distance_route
banaras se vindhyachal ki duri,115.0,distance_route
bodh gaya to varanasi distance,69.0,distance_route
mahindra kabira festival 2025 dates,66.0,other
banaras to vindhyachal distance,61.0,distance_route
sarnath mandir varanasi timings,59.0,timings_aarti
what to wear in banaras,54.0,outfits_dress_code
varanasi temperature in february 2026,53.0,weather
kashi to gaya distance,48.0,distance_route
varanasi to vindhyachal temple distance,48.0,distance_route
aarti time at assi ghat,47.0,timings_aarti
scooty rent near me,46.0,bike_scooty_rent
varanasi to vindhyachal mandir distance,46.0,distance_route
dress for banaras trip,43.0,outfits_dress_code
banaras outfit ideas men,42.0,outfits_dress_code
varanasi bike rent,41.0,bike_scooty_rent
banaras in december,40.0,weather
varanasi weather in december 2025,39.0,weather
varanasi junction to airport distance,38.0,distance_route
बनारस से विंध्याचल कितना किलोमीटर है,37.0,other
banaras winter outfit,35.0,weather
morning aarti at assi ghat timing,35.0,timings_aarti
rental scooty near me,33.0,bike_scooty_rent
varanasi outfits,33.0,outfits_dress_code
vindhyachal to varanasi distance by road,32.0,distance_route
varanasi morning aarti time,30.0,timings_aarti
varanasi weather february 2026,30.0,weather
banaras se vindhyachal ki duri kitni hai,25.0,distance_route
bike rent in varanasi near railway station,24.0,bike_scooty_rent
varanasi temple to varanasi airport distance,24.0,distance_route
bike for rent in varanasi,22.0,bike_scooty_rent
rental bike near me,21.0,bike_scooty_rent
varanasi dress code for women,20.0,outfits_dress_code
winter outfit for temple,20.0,weather
dress for varanasi trip,19.0,outfits_dress_code
banaras se vindhyachal kitne kilometre hai,17.0,distance_route
activa rent in varanasi,17.0,bike_scooty_rent
sarnath temple opening time,16.0,timings_aarti
kabira festival 2025 tickets price,16.0,tickets_price
assi ghat aarti booking,15.0,hotel_dharamshala
sarnath temple visiting time,14.0,timings_aarti
scooty rent in varanasi near me,14.0,bike_scooty_rent
bike rental in banaras,14.0,bike_scooty_rent
outfit to wear in banaras,14.0,outfits_dress_code
अस्सी घाट आरती का समय,13.0,other
outfits to wear in varanasi,13.0,outfits_dress_code
outfit for banaras trip men,13.0,outfits_dress_code
assi aarti time,12.0,timings_aarti
varanasi airport to varanasi station distance,12.0,taxi_cab_airport
mahindra music festival 2025,12.0,other
sarnath temple timings today,11.0,timings_aarti
scooty rentals in varanasi,11.0,bike_scooty_rent
varanasi outfits women,11.0,outfits_dress_code
varanasi bike rental price,11.0,bike_scooty_rent
banaras trip dress,11.0,outfits_dress_code
kashi darshan-rental bike service,11.0,bike_scooty_rent
how much time it takes to visit sarnath,10.0,timings_aarti
bike on rent varanasi cantt,10.0,bike_scooty_rent
activa on rent in varanasi,10.0,bike_scooty_rent
kashi taxi service,10.0,taxi_cab_airport
varanasi airport to kashi temple,10.0,taxi_cab_airport
winter vacation in varanasi,10.0,weather
feb weather in varanasi,9.0,weather
varanasi airport to ganga aarti distance,9.0,taxi_cab_airport
80 ghat aarti time morning,9.0,timings_aarti
rent a scooty in varanasi,9.0,bike_scooty_rent
bikes on rent in varanasi,9.0,bike_scooty_rent
rental scooty,9.0,bike_scooty_rent
varanasi safe for women,8.0,safety
aarti timing in assi ghat,8.0,timings_aarti
dharamshala in vindhyachal with price,8.0,hotel_dharamshala
best outfit for banaras trip,8.0,outfits_dress_code
varanasi travel guide 2025,8.0,other
best dharamshala in vindhyachal with price for family,7.0,hotel_dharamshala
bike scooty rent in varanasi,7.0,bike_scooty_rent
"rento bike and scooty rentals - bike on rent | scooty on rent | best bike 
rental shop in varanasi",7.0,bike_scooty_rent
mahashivratri in varanasi,7.0,other
varanasi rental bike,7.0,bike_scooty_rent
kashi tamil sangamam 2025 date,7.0,other
sarnath timing and ticket price,6.0,timings_aarti
time required to visit sarnath,6.0,timings_aarti
varanasi scooty rent price,6.0,bike_scooty_rent
scooty on rent in varanasi near me,6.0,bike_scooty_rent
assi ghat aarti time today in varanasi,6.0,timings_aarti
keshi ghat vrindavan yamuna aarti timings,5.0,timings_aarti
sarnath open today,5.0,other
solo trip to banaras,5.0,other
electric scooty on rent in varanasi,5.0,bike_scooty_rent
banaras winter outfits,5.0,weather
is varanasi safe to travel now,4.0,safety
varanasi airport to city distance,4.0,taxi_cab_airport
weather वाराणसी उत्तर प्रदेश,4.0,weather
sarnath park opening time,4.0,timings_aarti
electric bike rent in varanasi,4.0,bike_scooty_rent
temperature of varanasi in december 2025,3.0,weather
saranath,3.0,other
varanasi se kushinagar ki duri,3.0,distance_route
taxi service in varanasi outstation,3.0,taxi_cab_airport
sarnath to varanasi distance,2.0,distance_route
manikarni ghat,2.0,other
kali khoh temple vindhyachal,2.0,other
rent motorcycle near me,2.0,bike_scooty_rent
bike for rent varanasi,2.0,bike_scooty_rent
rent on bike,2.0,bike_scooty_rent
cheapest bike rent in varanasi near railway station,2.0,bike_scooty_rent
hotels in vindhyachal,2.0,hotel_dharamshala
varanasi to prayagraj taxi service,2.0,taxi_cab_airport
kashi nearest railway station,1.0,other
scooty on rent near me price,1.0,bike_scooty_rent
trikon yatra vindhyachal,1.0,other
water taxi price,1.0,taxi_cab_airport
kashi to sarnath distance by road,1.0,distance_route
manikarnika ghat story in hindi,1.0,other
varanasi railway station to sarnath distance,1.0,distance_route
varansi to vindhyachal,1.0,other
rent a scooty,1.0,bike_scooty_rent
cheapest bike rental in varanasi,1.0,bike_scooty_rent
varanasi to gaya distance by taxi fare,1.0,taxi_cab_airport
tourist place in sarnath,1.0,other
location of this place,1.0,other
sarnath mandir,523.0,other
varanasi temperature in december,325.0,weather
vindhyachal to varanasi distance,187.0,distance_route
winter vacation in varanasi 2025,173.0,weather
varanasi airport to kashi temple distance,153.0,taxi_cab_airport
varanasi airport to varanasi railway station distance,138.0,taxi_cab_airport
banaras outfits for women,136.0,outfits_dress_code
varanasi ganga aarti timings today evening,122.0,timings_aarti
varanasi ganga aarti timings today,106.0,timings_aarti
dasaswamedh ghat aarti time,93.0,timings_aarti
varanasi to vindhyavasini temple distance,91.0,distance_route
varanasi airport to railway station distance,90.0,taxi_cab_airport
varanasi airport to kashi distance,81.0,taxi_cab_airport
"kashi tour package | best travel agency in varanasi | varanasi tour package 
| tempo traveller in varanasi | travel agent",80.0,tempo_traveller
dashashwamedh ghat aarti time today,75.0,timings_aarti
varanasi to assi ghat distance,74.0,distance_route
keshi ghat aarti timings,72.0,timings_aarti
temperature in varanasi,71.0,weather
temperature in varanasi in december 2025,70.0,weather
distance between varanasi to vindhyachal,70.0,distance_route
assi ghat aarti timings evening,69.0,timings_aarti
vindhyachal mandir mirzapur,66.0,other
vindhyachal se banaras ki duri,66.0,distance_route
varanasi railway station to varanasi airport distance,65.0,distance_route
vindhyachal mandir to varanasi distance,65.0,distance_route
mirzapur temple,64.0,other
temperature in varanasi in december,63.0,weather
mahindra kabira festival 2025 tickets price,63.0,tickets_price
banaras famous things for girl,59.0,other
banaras in december latest,58.0,weather
famous ghat in varanasi,58.0,other
vindhyachal temple history,57.0,other
vindhyachal devi,56.0,other
dashmesh ghat aarti time,56.0,timings_aarti
sarnath closing time,56.0,timings_aarti
varanasi airport prepaid taxi cab,54.0,taxi_cab_airport
varanasi to vindhyavasini distance,54.0,distance_route
yamuna ghat vrindavan aarti time,53.0,timings_aarti
temperature in varanasi in january 2025,52.0,weather
namo ghat varanasi distance,52.0,distance_route
varanasi to kashi,51.0,other
outfit for banaras trip,51.0,outfits_dress_code
assi ghat aarti latest,51.0,timings_aarti
कल सूर्योदय का समय,51.0,other
weather in varanasi in february 2026,49.0,weather
winter banaras outfit,49.0,weather
varanasi to ayodhya tempo traveller price list,49.0,tempo_traveller
प्रयागराज से काशी की दूरी,49.0,other
assi ghat aarti time in winter,47.0,timings_aarti
varanasi railway station to airport distance,45.0,distance_route
varanasi city to airport distance,44.0,distance_route
varanasi to nepal distance,44.0,distance_route
banaras near airport,43.0,other
varanasi in december weather,42.0,weather
outfits to wear in banaras,42.0,outfits_dress_code
varanasi junction to varanasi airport distance,42.0,distance_route
बनारस कितने किलोमीटर है,42.0,other
outfit for banaras,41.0,outfits_dress_code
varanasi winter latest,41.0,weather
banaras morning ganga aarti timing,40.0,timings_aarti
mirzapur famous temple,40.0,other
वाराणसी से अयोध्या की दूरी,40.0,other
varanasi solo trip,39.0,other
banaras ganga aarti timing,39.0,timings_aarti
ramlila 2025 india dates locations,39.0,other
top 10 ghats in varanasi,39.0,other
dasaswamedh ghat aarti timings,38.0,timings_aarti
assi ghat morning aarti time winter,38.0,timings_aarti
sarnath ticket price,37.0,tickets_price
"-site:facebook.com -site:fb.me -site:youtube.com -site:youtu.be 
-site:youtube.be -site:twitter.com -site:instagram.com -site:tiktok.com 
-site:vm.tiktok.com -site:t.co -site:x.com -site:reddit.com 
-site:linkedin.com ( ""kashi tamil sangamam (kts) 4.0"" ) or ( ""kashi tamil 
sangamam"" ) or ( ""kashi tamil sangamam 4"" ) or ( ""kashi tamil sangamam 4.0"" 
) -""current affairs"" -""exam"" -""preperation"" -""upsc""",37.0,other
banaras ghat aarti time,36.0,timings_aarti
distance from varanasi airport to kashi vishwanath temple,36.0,taxi_cab_airport
is varanasi crowded in december,36.0,weather
banaras to vindhyachal,36.0,other
is jeans allowed in kashi vishwanath temple,36.0,outfits_dress_code
banaras se kashi ki duri,36.0,distance_route
ganga snan 2026 date,36.0,other
temperature in varanasi in february 2026,35.0,weather
banaras look for girls,35.0,other
विंध्याचल से बनारस की दूरी,35.0,other
scooty on rent near me,35.0,bike_scooty_rent
varanasi airport to temple distance,35.0,taxi_cab_airport
banaras jane ka best time,35.0,timings_aarti
banaras outfits,35.0,outfits_dress_code
february weather in varanasi,34.0,weather
temp in varanasi in december,34.0,weather
dashashwamedh ghat aarti timings,34.0,timings_aarti
varanasi in december latest,34.0,weather
scooty rental near me,34.0,bike_scooty_rent
ride on demand varanasi,34.0,other
banaras outfit men,34.0,outfits_dress_code
varanasi weather december 2025,33.0,weather
banaras girls outfit,33.0,outfits_dress_code
banaras se vindhyachal,33.0,other
ramlila festival 2025 dates,33.0,other
banaras in winter latest,33.0,weather
dashashwamedh ghat aarti time morning,32.0,timings_aarti
banaras se vindhyachal kitna kilometre hai,32.0,distance_route
bike rental near me,32.0,bike_scooty_rent
kashi to varanasi airport distance,32.0,distance_route
ganga aarti assi ghat timing,32.0,timings_aarti
best ghat in varanasi,32.0,other
80 ghat morning aarti time,31.0,timings_aarti
outfits for banaras,31.0,outfits_dress_code
temperature varanasi,31.0,weather
outfit for banaras trip women,31.0,outfits_dress_code
bodh gaya to banaras distance,31.0,distance_route
kashi tamil sangamam 2025 venue,31.0,other
sarnath museum ticket price,31.0,tickets_price
hotel in vindhyachal near temple,30.0,hotel_dharamshala
varanasi to sarnath taxi fare,30.0,taxi_cab_airport
is it good to visit varanasi in december,29.0,weather
varanasi city to varanasi airport distance,29.0,distance_route
ganga aarti time in varanasi assi ghat today,29.0,timings_aarti
benaras outfit,29.0,outfits_dress_code
aarti timing at assi ghat,29.0,timings_aarti
varanasi look,29.0,other
dashashwamedh ghat morning aarti time,28.0,timings_aarti
ram ghat aarti timings,28.0,timings_aarti
shipra nadi aarti time,28.0,timings_aarti
aarti time at dashashwamedh ghat today,28.0,timings_aarti
assi ghat morning aarti time in winter,28.0,timings_aarti
bike rent near me,28.0,bike_scooty_rent
what i wore in banaras,28.0,other
most famous ghat in varanasi,28.0,other
temperature of varanasi,27.0,weather
kashi airport to temple distance,27.0,taxi_cab_airport
varanasi cantt to airport distance,27.0,distance_route
varanasi rent bike,27.0,bike_scooty_rent
outfits i wore in banaras,27.0,outfits_dress_code
banaras bike rent,27.0,bike_scooty_rent
manikarnika ghat history,27.0,other
varanasi station to varanasi airport distance,27.0,distance_route
varanasi station to godowlia chowk auto fare,27.0,other
विंध्याचल धाम भोजन विकल्प,27.0,other
sarnath open time,26.0,timings_aarti
weather in varanasi in december 2025,26.0,weather
varanasi temperature in december 2025,26.0,weather
"scootyseva| scooty on rent varanasi |bike on rent in varanasi | car on rent 
varansi",26.0,bike_scooty_rent
sarnath to vindhyachal distance,26.0,distance_route
kashi vishwanath temple to varanasi airport distance,26.0,distance_route
kedar ghat to kashi vishwanath temple distance,26.0,distance_route
bodhgaya to varanasi distance by road,26.0,distance_route
sarnath to varanasi airport distance,26.0,distance_route
varanasi temperature december 2025,26.0,weather
kashi outfit,26.0,outfits_dress_code
vindhyachal mandir distance,26.0,distance_route
traditional dress of uttar pradesh male,25.0,outfits_dress_code
kashi temperature in december,25.0,weather
varanasi airport to varanasi railway station taxi fare,25.0,taxi_cab_airport
sarnath opening and closing time,25.0,timings_aarti
banaras trip outfits for women,25.0,outfits_dress_code
assi ghat arti latest,25.0,timings_aarti
banaras ki duri,25.0,distance_route
ganga aarti at assi ghat timing,25.0,timings_aarti
shyama upvan varanasi to airport,24.0,other
ganga aarti timing dashashwamedh ghat,24.0,timings_aarti
sarnath opening time today,24.0,timings_aarti
sarnath temple varanasi opening time,24.0,timings_aarti
taxi for evening ganga aarti and return,24.0,taxi_cab_airport
varanasi temple to airport distance,24.0,distance_route
distance between varanasi airport to kashi vishwanath temple,24.0,taxi_cab_airport
assi ghat aarti morning time,24.0,timings_aarti
kashi to vindhyavasini temple distance,24.0,distance_route
banaras outfits women,24.0,outfits_dress_code
airport to kashi vishwanath temple distance,24.0,taxi_cab_airport
cheapest bike rent in varanasi,24.0,bike_scooty_rent
makar sankranti 2026 reel for couple,24.0,other
ganga ghat aarti time,23.0,timings_aarti
manikarnika ghat aarti time,23.0,timings_aarti
temperature in kashi in december,23.0,weather
vindhyachal mata,23.0,other
vindhyachal tourist places,23.0,other
kashi weather in december,23.0,weather
sarnath buddhist temple tickets,23.0,tickets_price
varanasi crowd in december,23.0,weather
varanasi outfits men,23.0,outfits_dress_code
varanasi to manikarnika ghat distance,23.0,distance_route
banaras look,23.0,other
sarnath temple in varanasi,22.0,other
temperature at varanasi in december,22.0,weather
weather varanasi december,22.0,weather
day trip to sarnath by taxi,22.0,taxi_cab_airport
outfits for banaras trip,22.0,outfits_dress_code
vindhyachal ki duri,22.0,distance_route
varanasi to prayagraj taxi pilgrimage,22.0,taxi_cab_airport
morning ganga aarti taxi,22.0,taxi_cab_airport
outfit in banaras,22.0,outfits_dress_code
sarnath to airport distance,22.0,distance_route
bike on rent near me,22.0,bike_scooty_rent
banaras december latest,22.0,weather
morning aarti time in varanasi,22.0,timings_aarti
2026 banaras,22.0,other
बनारस से प्रयागराज की दूरी,22.0,other
tempo traveller for airport pickup,22.0,taxi_cab_airport
aarti timing in dashashwamedh ghat,21.0,timings_aarti
is vindhyachal mandir a shakti peeth,21.0,other
yamuna aarti mathura timings,21.0,timings_aarti
dashashwamedh ghat evening aarti time,21.0,timings_aarti
taxi with verified drivers varanasi,21.0,taxi_cab_airport
varanasi city tour by taxi,21.0,taxi_cab_airport
what to wear in banaras trip,21.0,outfits_dress_code
winter season in varanasi,21.0,weather
banaras outfit for women,21.0,outfits_dress_code
tempo traveller varanasi 80 km,21.0,tempo_traveller
kashi vishwanath temple to airport distance,21.0,distance_route
temperature of varanasi in december,21.0,weather
nearest airport to kashi,21.0,taxi_cab_airport
बनारस का किलोमीटर है,21.0,other
banaras ghat,21.0,other
#sarnathtemple,21.0,other
banaras aarti timings,21.0,timings_aarti
ganga aarti timing in varanasi today,20.0,timings_aarti
sarnath visiting time,20.0,timings_aarti
varanasi solo trip female,20.0,other
vrindavan yamuna ghat aarti time,20.0,timings_aarti
kashi dress code,20.0,outfits_dress_code
pilgrim taxi varanasi,20.0,taxi_cab_airport
vindhyachal se varanasi ki duri,20.0,distance_route
ganga aarti taxi booking,20.0,taxi_cab_airport
varanasi airport to bhu taxi fare,20.0,taxi_cab_airport
assi ghat ganga aarti time,20.0,timings_aarti
banaras december 2025,20.0,weather
kashi temple to airport distance,20.0,distance_route
kushinagar se banaras ki duri,20.0,distance_route
varanasi ghat aarti time,20.0,timings_aarti
banaras in feb,20.0,other
sarnath to namo ghat distance,20.0,distance_route
winter in varanasi latest,20.0,weather
ganga aarti at dasaswamedh ghat varanasi timings,19.0,timings_aarti
dress code in varanasi temple,19.0,outfits_dress_code
sarnath stupa timings,19.0,timings_aarti
banaras outfit in winter,19.0,weather
ganga aarti time at assi ghat,19.0,timings_aarti
varanasi outfit ideas for women,19.0,outfits_dress_code
dresses to wear in varanasi,19.0,outfits_dress_code
varanasi to bodhgaya distance by road,19.0,distance_route
temperature of benaras in december,19.0,weather
banaras sandhya aarti time,19.0,timings_aarti
dress for banaras,19.0,outfits_dress_code
morning assi ghat aarti time,19.0,timings_aarti
sigra to kashi vishwanath temple distance,19.0,distance_route
varanasi winter temperature december 2025,19.0,weather
vindhyachal temple distance,19.0,distance_route
banaras mela 2026,19.0,other
best time to visit kashi,19.0,timings_aarti
ghat aarti latest,19.0,timings_aarti
kashi vishwanath to ayodhya distance,19.0,distance_route
manikarnika ghat timings,18.0,timings_aarti
what is manikarnika ghat famous for,18.0,other
sunrise tomorrow,18.0,other
ganga aarti time dashashwamedh ghat today,18.0,timings_aarti
banaras outfits for women in winter,18.0,weather
dresses for banaras trip,18.0,outfits_dress_code
assi ghat aarti time winter,18.0,timings_aarti
lahartara to kashi vishwanath temple distance,18.0,distance_route
when do siberian birds come to varanasi,18.0,other
varanasi jn to varanasi airport distance,18.0,distance_route
banaras ganga aarti time,18.0,timings_aarti
vindhyavasini to varanasi distance,18.0,distance_route
kabir festival varanasi 2025,18.0,other
सूर्योदय कल,18.0,other
varanasi things to do christmas day 2025,18.0,other
assi ghat varanasi aarti time,18.0,timings_aarti
kashi vishwanath temple to varanasi airport,18.0,other
banaras famous ghat,18.0,other
taxi booking in varanasi,18.0,taxi_cab_airport
distance between ayodhya and varanasi,18.0,distance_route
temperature in banaras,17.0,weather
varanasi february weather,17.0,weather
varanasi temp in december,17.0,weather
varanasi local sightseeing taxi service,17.0,taxi_cab_airport
varanasi climate in december,17.0,weather
banaras se vindhyachal kitna dur hai,17.0,other
banaras to bodh gaya distance,17.0,distance_route
banaras se bodhgaya ki duri,17.0,distance_route
banaras ganga aarti timings,17.0,timings_aarti
दशाश्वमेध घाट आरती समय,17.0,other
distance from bodhgaya to varanasi,17.0,distance_route
varanasi ganga aarti timings tomorrow,17.0,timings_aarti
tempo traveller varanasi drop to ayodhya,17.0,taxi_cab_airport
varanasi airport pickup amaze,17.0,taxi_cab_airport
vindhyachal hotel booking,17.0,hotel_dharamshala
assi ghat varanasi distance,17.0,distance_route
banaras aarti timing,17.0,timings_aarti
banaras outfit,17.0,outfits_dress_code
lanka to assi ghat distance,17.0,distance_route
kashi to vindhyachal distance,17.0,distance_route
assi ghat distance from my location,17.0,distance_route
aarti at assi ghat timing,17.0,timings_aarti
bhu to namo ghat distance,17.0,distance_route
varanasi kite shop near me,17.0,other
winter varanasi latest,17.0,weather
varanasi to ayodhya distance by road,17.0,distance_route
kashi to ayodhya distance,17.0,distance_route
evening aarti time at dashashwamedh ghat,16.0,timings_aarti
varanasi in april,16.0,other
weather varanasi in december,16.0,weather
february temperature in varanasi,16.0,weather
वाराणसी से विंध्याचल बस सर्विस,16.0,other
winter in varanasi 2025,16.0,weather
varanasi outfit,16.0,outfits_dress_code
banaras outfits women in winter,16.0,weather
kashi temple dress code,16.0,outfits_dress_code
banaras railway station to airport distance,16.0,distance_route
dress ideas for banaras trip,16.0,outfits_dress_code
varanasi winter outfit women,16.0,weather
morning ganga aarti timing in varanasi assi ghat,16.0,timings_aarti
timing of ganga aarti at assi ghat,16.0,timings_aarti
kashi vishwanath to varanasi airport,16.0,other
bike taxi varanasi,16.0,bike_scooty_rent
assi ghat arti timing,16.0,timings_aarti
hotels in vindhyachal near temple,16.0,hotel_dharamshala
banaras in february,16.0,weather
varanasi airport to vishwanath temple distance,16.0,taxi_cab_airport
varanasi jn to airport distance,16.0,distance_route
assi ghat arti time,16.0,timings_aarti
kashi to rameshwaram flight,16.0,other
banaras se ayodhya ki duri,16.0,distance_route
varanasi city to assi ghat distance,16.0,distance_route
banaras trip dress ideas,16.0,outfits_dress_code
banaras arti 2025,16.0,timings_aarti
subah e banaras aarti timing,16.0,timings_aarti
वाराणसी में सूर्यास्त का समय,16.0,other
is january good time to visit varanasi,16.0,timings_aarti
varansi winter latest,16.0,weather
15 feb 2026 mahashivratri latest,16.0,other
ayodhya ram mandir to varanasi distance,16.0,distance_route
scooty rental,16.0,bike_scooty_rent
mirzapur devi temple,15.0,other
varanasi aarti timings,15.0,timings_aarti
बनारस गंगा आरती का समय,15.0,other
banaras me ganga aarti time,15.0,timings_aarti
varanasi temple dress code,15.0,outfits_dress_code
banaras look for women,15.0,other
temperature varanasi december,15.0,weather
kashi ghat aarti time,15.0,timings_aarti
dresses to wear in banaras,15.0,outfits_dress_code
varanasi airport swift dzire taxi,15.0,taxi_cab_airport
विंध्याचल से वाराणसी की दूरी,15.0,other
varanasi airport to city taxi fare,15.0,taxi_cab_airport
is varanasi safe for a woman,15.0,safety
bike rentals varanasi,15.0,bike_scooty_rent
banaras trip outfit ideas,15.0,outfits_dress_code
banaras total ghat,15.0,other
varanasi airport distance from kashi vishwanath temple,15.0,distance_route
varanasi airport to varanasi railway station,15.0,taxi_cab_airport
outfit ideas for banaras trip,15.0,outfits_dress_code
ahilyabai holkar dashashwamedh ghat restoration,15.0,other
7+1 seating taxi varanasi,15.0,taxi_cab_airport
subah banaras timing,15.0,timings_aarti
banaras outfits ideas,15.0,outfits_dress_code
dashashwamedh aarti time,14.0,timings_aarti
is varanasi safe for girls,14.0,safety
kashi vishwanath sparsh darshan dress code,14.0,outfits_dress_code
vindhyachal mandir history,14.0,other
vindhyachal trikon yatra,14.0,other
varanasi traditional dress male,14.0,outfits_dress_code
banaras in april,14.0,other
best time to visit manikarnika ghat,14.0,timings_aarti
book car for sightseeing in varanasi,14.0,other
varanasi local sightseeing cab,14.0,taxi_cab_airport
assi ghat morning arti,14.0,timings_aarti
maharaja traveller,14.0,tempo_traveller
outfits for varanasi trip,14.0,outfits_dress_code
rent scooty near me,14.0,bike_scooty_rent
outfit wore in banaras,14.0,outfits_dress_code
benaras to vindhyachal distance,14.0,distance_route
bike rentals near me,14.0,bike_scooty_rent
rajghat varanasi distance from my location,14.0,distance_route
mahindra kabira festival 2025 venue,14.0,other
kashi to airport distance,14.0,distance_route
varanasi winter outfit ideas,14.0,weather
varanasi airport to varanasi temple distance,14.0,taxi_cab_airport
kashi in december 2025,14.0,weather
banaras men outfit,14.0,outfits_dress_code
shivala ghat distance,14.0,distance_route
half day taxi varanasi,14.0,taxi_cab_airport
विंध्याचल स्थानीय व्यंजन भोजन,14.0,other
december weather in varanasi,13.0,weather
sarnath mandir opening time,13.0,timings_aarti
saryu ghat aarti timings,13.0,timings_aarti
shivalay ghat,13.0,other
varanasi morning ganga aarti time,13.0,timings_aarti
varanasi traditional dress female,13.0,outfits_dress_code
vindhyachal story,13.0,other
today assi ghat aarti time,13.0,timings_aarti
varanasi ganga aarti time today,13.0,timings_aarti
what to wear in kashi vishwanath temple,13.0,outfits_dress_code
temperature in varanasi today,13.0,weather
sarnath closed day,13.0,other
banaras se vindhyachal mandir ki duri,13.0,distance_route
scooty for rent in varanasi,13.0,bike_scooty_rent
varanasi bodhgaya distance,13.0,distance_route
varanasi outfit women winter,13.0,weather
distance from varanasi airport to varanasi railway station,13.0,taxi_cab_airport
varanasi airport to ghat distance,13.0,taxi_cab_airport
varanasi to vindhyachal temple distance by road,13.0,distance_route
best hotel in vindhyachal near temple for family,13.0,hotel_dharamshala
vns airport to kashi vishwanath temple distance,13.0,taxi_cab_airport
varanasi temperature today,13.0,weather
kashi vishwanath to airport distance,13.0,distance_route
varanasi sandhya aarti time,13.0,timings_aarti
assi ghat aarti time tomorrow,13.0,timings_aarti
vindhyachal temple to varanasi distance,13.0,distance_route
rent bike varanasi,13.0,bike_scooty_rent
varanasi peak season,13.0,weather
goenka dharmshala,13.0,other
varanasi to vindhyachal bus ticket price,13.0,tickets_price
prepaid taxi varanasi airport,13.0,taxi_cab_airport
distance between vindhyachal to varanasi,13.0,distance_route
ganga aarti varanasi timing evening today,13.0,timings_aarti
varanasi ganga aarti timings 2025,13.0,timings_aarti
varanasi to ayodhya km,13.0,distance_route
varanasi to ram mandir distance,13.0,distance_route
dashashwamedh ghat ganga aarti timings morning,12.0,timings_aarti
solo trip to varanasi,12.0,other
varanasi mein kul kitne ghat hain,12.0,other
weather in kashi in december,12.0,weather
why vindhyachal is famous,12.0,other
assi ghat sandhya aarti time,12.0,timings_aarti
sarnath time to visit,12.0,timings_aarti
sarnath mandir banaras,12.0,other
varanasi local sightseeing taxi,12.0,taxi_cab_airport
varanasi temperature january 2025,12.0,weather
varanasi airport weather 2025-12-17,12.0,weather
80 ghat aarti,12.0,timings_aarti
kashi temperature in january,12.0,weather
winter dress for banaras,12.0,weather
varanasi main ghat name,12.0,other
scooty on rent in banaras,12.0,bike_scooty_rent
scooty rent in banaras,12.0,bike_scooty_rent
sarnath light and sound show,12.0,other
distance from varanasi airport to assi ghat,12.0,taxi_cab_airport
morning aarti time at assi ghat,12.0,timings_aarti
weather at varanasi in december,12.0,weather
scooty on rent in varanasi price,12.0,bike_scooty_rent
banaras to bodhgaya distance,12.0,distance_route
banaras outfit winter,12.0,weather
scooty rent in varanasi near assi ghat,12.0,bike_scooty_rent
80 ghat aarti time,12.0,timings_aarti
assi ghat morning aarti timing,12.0,timings_aarti
varanasi airport to kashi ghat distance,12.0,taxi_cab_airport
varanasi airport to ganga ghat,12.0,taxi_cab_airport
varanasi airport to kashi vishwanath temple ola cab price,12.0,taxi_cab_airport
distance of vindhyachal from varanasi,12.0,distance_route
varanasi december latest,12.0,weather
vindhyavasini temple to varanasi distance,12.0,distance_route
bike rent varanasi near me,12.0,bike_scooty_rent
varanasi weather forecast december 2025,12.0,weather
वाराणसी से इलाहाबाद की दूरी,12.0,other
what i wear in banaras,12.0,outfits_dress_code
kasi tamil sangam registration 2025 last date,12.0,other
varanasi festivals 2026,12.0,other
varanasi trip in winter latest,12.0,weather
sarnath tour taxi,12.0,taxi_cab_airport
famous ghats in varanasi,12.0,other
best time for boat ride in varanasi,12.0,boat_ride
varanasi travel guide ghats temples best time to visit,12.0,timings_aarti
dashashwamedh ghat to assi ghat,12.0,other
distance of ayodhya from varanasi,12.0,distance_route
banaras to ayodhya distance,12.0,distance_route
ac tempo traveller for wedding,12.0,tempo_traveller
dashashwamedh ghat varanasi aarti time,11.0,timings_aarti
ganga aarti varanasi morning time,11.0,timings_aarti
ghat in varanasi for cremation,11.0,other
is kashi safe for women,11.0,safety
is varanasi safe for tourists,11.0,safety
is vindhyachal a shakti peeth,11.0,other
kashi vishwanath near airport,11.0,other
mirzapur shakti peeth name,11.0,other
temperature varanasi in december,11.0,weather
varanasi assi ghat aarti time,11.0,timings_aarti
banaras dress code,11.0,outfits_dress_code
up traditional dress male,11.0,outfits_dress_code
temperature in benaras in december,11.0,weather
varanasi weather today,11.0,weather
kasi temperature in december,11.0,weather
sarnath museum closed on which day,11.0,other
varanasi se vindhyachal ki duri kitni hai,11.0,distance_route
बनारस से बिनधाचल की दूरी,11.0,other
वाराणसी से विन्ध्याचल की दूरी,11.0,other
banaras se vindhyachal kitni dur hai,11.0,other
sarnath museum tickets,11.0,tickets_price
varanasi ghat aarti time today,11.0,timings_aarti
बनारस से विन्ध्याचल की दूरी,11.0,other
clothes to wear in banaras,11.0,outfits_dress_code
banaras bike rental,11.0,bike_scooty_rent
varanasi ganga aarti time morning assi ghat,11.0,timings_aarti
kashi bike rental,11.0,bike_scooty_rent
varanasi to namo ghat distance,11.0,distance_route
assi ghat ki aarti kitne baje hoti hai,11.0,timings_aarti
distance between varanasi to vindhyachal by road,11.0,distance_route
dashashwamedh ghat to manikarnika ghat,11.0,other
varanasi junction to vindhyachal distance,11.0,distance_route
banaras se kushinagar ki duri,11.0,distance_route
distance between varanasi to bodhgaya,11.0,distance_route
assi ghat arti timings,11.0,timings_aarti
banaras in winter,11.0,weather
kashi ganga aarti timing,11.0,timings_aarti
banaras trip outfit,11.0,outfits_dress_code
varanasi to vindhyachal distance by bus,11.0,distance_route
aarti timings at assi ghat,11.0,timings_aarti
what time is morning aarti at assi ghat,11.0,timings_aarti
lanka varanasi to assi ghat distance,11.0,distance_route
cantt to assi ghat distance,11.0,distance_route
sarnath meaning in english,11.0,other
banaras outfits for men,11.0,outfits_dress_code
sunrise in varanasi,11.0,other
varanasi to ramnagar fort distance,11.0,distance_route
crowd in varanasi in december,11.0,weather
winter clothes in varanasi,11.0,weather
काशी से प्रयागराज की दूरी,11.0,other
banaras 2026,11.0,other
banaras travel guide tourist attractions best time to visit,11.0,timings_aarti
distance between vindhyachal and varanasi,11.0,distance_route
sarnath ticket,11.0,tickets_price
varanasi to prayagraj to ayodhya distance,11.0,distance_route
benaras to ayodhya distance,11.0,distance_route
distance between varanasi to ayodhya,11.0,distance_route
varanasi to ayodhya by road,11.0,other
dress code for varanasi temple,10.0,outfits_dress_code
kashi in december,10.0,weather
mirzapur famous mandir,10.0,other
mirzapur mandir name,10.0,other
ram ghat aarti time today,10.0,timings_aarti
taxi from varanasi airport to city,10.0,taxi_cab_airport
varanasi february temperature,10.0,weather
vindhyachal famous for,10.0,other
vindhyachal is shaktipeeth,10.0,other
vindhyachal mandir,10.0,other
vindhyavasini temple shaktipeeth,10.0,other
yamuna ghat mathura aarti timings,10.0,timings_aarti
अस्सी घाट वाराणसी,10.0,other
aarti assi ghat timing,10.0,timings_aarti
clothes for varanasi trip,10.0,other
assi ghat ganga aarti morning time,10.0,timings_aarti
dasaswamedh ghat aarti time today,10.0,timings_aarti
varanasi temperature in february,10.0,weather
varanasi to ballia via ghazipur distance,10.0,distance_route
vindhyachal mandir near hotel,10.0,hotel_dharamshala
what i wore in varanasi,10.0,other
winter outfit for banaras trip,10.0,weather
saree to wear in banaras,10.0,outfits_dress_code
banaras boys outfit,10.0,outfits_dress_code
distance between varanasi to vindhyachal temple,10.0,distance_route
jageshwar mandir varanasi,10.0,other
varanasi cantt to varanasi airport distance,10.0,distance_route
varanasi costume,10.0,other
varanasi city se namo ghat ki duri,10.0,distance_route
oldest ghat in varanasi,10.0,other
varanasi to vindhyachal by road distance,10.0,distance_route
yahan se vindhyachal ki duri,10.0,distance_route
jaunpur to varanasi airport distance,10.0,distance_route
varanasi temperature december,10.0,weather
temperature in varanasi in december end,10.0,weather
varanasi to mirzapur vindhyachal mandir distance,10.0,distance_route
ganga aarti timing at assi ghat,10.0,timings_aarti
aarti time in assi ghat,10.0,timings_aarti
ghat arti latest,10.0,timings_aarti
varanasi to vindhyavasini,10.0,other
kashi to bodh gaya distance,10.0,distance_route
buddha gaya to kashi distance,10.0,distance_route
सूर्योदय का टाइम आज का,10.0,other
फरवरी 2026 का मौसम,10.0,other
taxi service near me,10.0,taxi_cab_airport
government boat ride in varanasi,10.0,boat_ride
varanasi in winter latest,10.0,weather
banarash in winter latest,10.0,weather
cultural significance of manikarnika ghat varanasi,10.0,other
varanasi in winters latest,10.0,weather
kashi vishwanath temple to ayodhya distance,10.0,distance_route
kashi to ayodhya distance by road,10.0,distance_route
varanasi to ayodhya ram mandir distance,10.0,distance_route
hotel in vindhyachal,10.0,hotel_dharamshala
ayodhya varanasi varanasi darshan,10.0,other
varanasi and ayodhya distance,10.0,distance_route
book a cab in varanasi,10.0,taxi_cab_airport
can we wear black in kashi vishwanath temple,9.0,outfits_dress_code
ganga ghat varanasi aarti time,9.0,timings_aarti
kasi weather in december,9.0,weather
nearest airport to banaras,9.0,taxi_cab_airport
nearest airport to kasi,9.0,taxi_cab_airport
sarnath light and sound show ticket price,9.0,tickets_price
sarnath stupa opening time,9.0,timings_aarti
temperature of varanasi in february,9.0,weather
vindhyachal is famous for,9.0,other
vindhyachal mandir shakti peeth,9.0,other
weather varanasi february,9.0,weather
what to do in sarnath,9.0,other
dasaswamedh aarti time,9.0,timings_aarti
ganga aarti time assi ghat,9.0,timings_aarti
ram ghat aarti,9.0,timings_aarti
sarnath zoo,9.0,other
weather in varanasi december,9.0,weather
can we go to varanasi in december,9.0,weather
varanasi look for women,9.0,other
varanasi temperature in january 2025,9.0,weather
current temperature in varanasi,9.0,weather
nearest railway station to varanasi airport,9.0,other
dasaswamedh ghat ganga aarti time,9.0,timings_aarti
dashashwamedh ghat aarti time evening,9.0,timings_aarti
banaras assi ghat aarti time,9.0,timings_aarti
sarnath temple closing time,9.0,timings_aarti
varanasi december weather,9.0,weather
80 ghat ganga aarti time,9.0,timings_aarti
weather in varanasi 10 days,9.0,weather
dresses for varanasi trip,9.0,outfits_dress_code
timing of ganga aarti at dashashwamedh ghat,9.0,timings_aarti
outfit for varanasi,9.0,outfits_dress_code
rental scooty in banaras,9.0,bike_scooty_rent
बनारस से विंध्याचल की दूरी कितनी है,9.0,other
assi ghat arti,9.0,timings_aarti
बनारस से विंध्यवासिनी की दूरी,9.0,other
bike rentals in kashi,9.0,bike_scooty_rent
outfits for varanasi,9.0,outfits_dress_code
distance from varanasi to vindhyachal temple,9.0,distance_route
varanasi airport to ganga ghat distance,9.0,taxi_cab_airport
varanasi airport to varanasi distance,9.0,taxi_cab_airport
#mahindrakabirafestival2025 latest,9.0,other
varanasi to ayodhya via vindhyachal distance,9.0,distance_route
bike rent in banaras,9.0,bike_scooty_rent
mahindra kabira festival varanasi,9.0,other
varanasi dress for men,9.0,outfits_dress_code
banaras ghat aarti timing,9.0,timings_aarti
winter wear in banaras,9.0,weather
vindhyachal vip darshan price,9.0,tickets_price
kashi temple to varanasi airport distance,9.0,distance_route
mau to varanasi airport distance,9.0,distance_route
vns airport to varanasi railway station,9.0,taxi_cab_airport
varanasi airport to kashi vishwanath temple auto fare,9.0,taxi_cab_airport
rent bike near me,9.0,bike_scooty_rent
outfit ideas for banaras,9.0,outfits_dress_code
kasi climate in december,9.0,weather
kurta for banaras trip,9.0,other
varanasi to prayagraj triveni sangam distance,9.0,distance_route
sarnath stambh location,9.0,other
today ganga aarti time,9.0,timings_aarti
बनारस घाट सूची,9.0,other
distance from vindhyachal to varanasi,9.0,distance_route
winter outfit for mandir,9.0,weather
