query,impressions,category,tag
varanasi airport to kashi vishwanath temple distance,631.0,taxi_cab_airport,taxi_cab
varanasi airport to kashi temple distance,153.0,taxi_cab_airport,taxi_cab
varanasi airport to varanasi railway station distance,138.0,taxi_cab_airport,taxi_cab
varanasi airport to railway station distance,90.0,taxi_cab_airport,taxi_cab
varanasi airport to kashi distance,81.0,taxi_cab_airport,taxi_cab
mahindra kabira festival 2025 tickets price,63.0,tickets_price,other
varanasi airport prepaid taxi cab,54.0,taxi_cab_airport,taxi_cab
varanasi to ayodhya tempo traveller price list,49.0,tempo_traveller,tempo_traveller
sarnath ticket price,37.0,tickets_price,sarnath
distance from varanasi airport to kashi vishwanath temple,36.0,taxi_cab_airport,taxi_cab
varanasi airport to temple distance,35.0,taxi_cab_airport,taxi_cab
sarnath museum ticket price,31.0,tickets_price,sarnath
hotel in vindhyachal near temple,30.0,hotel_dharamshala,other
varanasi to sarnath taxi fare,30.0,taxi_cab_airport,sarnath
kashi airport to temple distance,27.0,taxi_cab_airport,taxi_cab
varanasi airport to varanasi railway station taxi fare,25.0,taxi_cab_airport,taxi_cab
taxi for evening ganga aarti and return,24.0,taxi_cab_airport,ganga
distance between varanasi airport to kashi vishwanath temple,24.0,taxi_cab_airport,taxi_cab
airport to kashi vishwanath temple distance,24.0,taxi_cab_airport,taxi_cab
sarnath buddhist temple tickets,23.0,tickets_price,sarnath
day trip to sarnath by taxi,22.0,taxi_cab_airport,sarnath
varanasi to prayagraj taxi pilgrimage,22.0,taxi_cab_airport,taxi_cab
morning ganga aarti taxi,22.0,taxi_cab_airport,ganga
tempo traveller for airport pickup,22.0,taxi_cab_airport,tempo_traveller
taxi with verified drivers varanasi,21.0,taxi_cab_airport,taxi_cab
varanasi city tour by taxi,21.0,taxi_cab_airport,taxi_cab
tempo traveller varanasi 80 km,21.0,tempo_traveller,tempo_traveller
nearest airport to kashi,21.0,taxi_cab_airport,taxi_cab
pilgrim taxi varanasi,20.0,taxi_cab_airport,taxi_cab
ganga aarti taxi booking,20.0,taxi_cab_airport,ganga
varanasi airport to bhu taxi fare,20.0,taxi_cab_airport,taxi_cab
taxi booking in varanasi,18.0,taxi_cab_airport,taxi_cab
varanasi local sightseeing taxi service,17.0,taxi_cab_airport,taxi_cab
tempo traveller varanasi drop to ayodhya,17.0,taxi_cab_airport,tempo_traveller
varanasi airport pickup amaze,17.0,taxi_cab_airport,taxi_cab
vindhyachal hotel booking,17.0,hotel_dharamshala,other
kabira festival 2025 tickets price,16.0,tickets_price,other
hotels in vindhyachal near temple,16.0,hotel_dharamshala,other
varanasi airport to vishwanath temple distance,16.0,taxi_cab_airport,taxi_cab
assi ghat aarti booking,15.0,hotel_dharamshala,other
varanasi airport swift dzire taxi,15.0,taxi_cab_airport,taxi_cab
varanasi airport to city taxi fare,15.0,taxi_cab_airport,taxi_cab
varanasi airport to varanasi railway station,15.0,taxi_cab_airport,taxi_cab
7+1 seating taxi varanasi,15.0,taxi_cab_airport,taxi_cab
varanasi local sightseeing cab,14.0,taxi_cab_airport,taxi_cab
maharaja traveller,14.0,tempo_traveller,tempo_traveller
varanasi airport to varanasi temple distance,14.0,taxi_cab_airport,taxi_cab
half day taxi varanasi,14.0,taxi_cab_airport,taxi_cab
sarnath buddhist temple varanasi tickets,13.0,tickets_price,sarnath
distance from varanasi airport to varanasi railway station,13.0,taxi_cab_airport,taxi_cab
varanasi airport to ghat distance,13.0,taxi_cab_airport,taxi_cab
best hotel in vindhyachal near temple for family,13.0,hotel_dharamshala,other
vns airport to kashi vishwanath temple distance,13.0,taxi_cab_airport,taxi_cab
varanasi to vindhyachal bus ticket price,13.0,tickets_price,other
prepaid taxi varanasi airport,13.0,taxi_cab_airport,taxi_cab
varanasi airport to varanasi station distance,12.0,taxi_cab_airport,taxi_cab
varanasi local sightseeing taxi,12.0,taxi_cab_airport,taxi_cab
distance from varanasi airport to assi ghat,12.0,taxi_cab_airport,taxi_cab
varanasi airport to kashi ghat distance,12.0,taxi_cab_airport,taxi_cab
varanasi airport to ganga ghat,12.0,taxi_cab_airport,ganga
varanasi airport to kashi vishwanath temple ola cab price,12.0,taxi_cab_airport,taxi_cab
sarnath tour taxi,12.0,taxi_cab_airport,sarnath
best time for boat ride in varanasi,12.0,boat_ride,boat
ac tempo traveller for wedding,12.0,tempo_traveller,tempo_traveller
sarnath museum tickets,11.0,tickets_price,sarnath
sarnath ticket,11.0,tickets_price,sarnath
kashi taxi service,10.0,taxi_cab_airport,taxi_cab
varanasi airport to kashi temple,10.0,taxi_cab_airport,taxi_cab
taxi from varanasi airport to city,10.0,taxi_cab_airport,taxi_cab
vindhyachal mandir near hotel,10.0,hotel_dharamshala,other
taxi service near me,10.0,taxi_cab_airport,taxi_cab
government boat ride in varanasi,10.0,boat_ride,boat
hotel in vindhyachal,10.0,hotel_dharamshala,other
book a cab in varanasi,10.0,taxi_cab_airport,taxi_cab
varanasi airport to ganga aarti distance,9.0,taxi_cab_airport,ganga
nearest airport to banaras,9.0,taxi_cab_airport,taxi_cab
nearest airport to kasi,9.0,taxi_cab_airport,taxi_cab
sarnath light and sound show ticket price,9.0,tickets_price,sarnath
varanasi airport to ganga ghat distance,9.0,taxi_cab_airport,ganga
varanasi airport to varanasi distance,9.0,taxi_cab_airport,taxi_cab
vindhyachal vip darshan price,9.0,tickets_price,other
vns airport to varanasi railway station,9.0,taxi_cab_airport,taxi_cab
varanasi airport to kashi vishwanath temple auto fare,9.0,taxi_cab_airport,taxi_cab
dharamshala in vindhyachal with price,8.0,hotel_dharamshala,other
outstation taxi service in varanasi,7.0,taxi_cab_airport,taxi_cab
best dharamshala in vindhyachal with price for family,7.0,hotel_dharamshala,other
goenka dharamshala vindhyachal,6.0,hotel_dharamshala,other
varanasi airport to city distance,4.0,taxi_cab_airport,taxi_cab
taxi service in varanasi outstation,3.0,taxi_cab_airport,taxi_cab
hotels in vindhyachal,2.0,hotel_dharamshala,other
varanasi to prayagraj taxi service,2.0,taxi_cab_airport,taxi_cab
water taxi price,1.0,taxi_cab_airport,taxi_cab
varanasi to gaya distance by taxi fare,1.0,taxi_cab_airport,taxi_cab
