impressions,clicks,position,query,suggested_page,token_overlap
3441,284,3.47,scooty rent in varanasi,,0
2594,1,7.96,varanasi to kashi distance,https://www.kashitaxi.in/en/city/varanasi/taxi/varanasi-airport-to-kashi-vishwanath-distance,2
2582,208,3.54,bike rent varanasi,https://www.kashitaxi.in/bike-rentals-varanasi,1
1844,195,3.56,bike rent in varanasi,https://www.kashitaxi.in/bike-rentals-varanasi,1
1629,2,7.53,bodhgaya to varanasi distance,https://www.kashitaxi.in/en/city/varanasi/taxi/varanasi-airport-to-kashi-vishwanath-distance,1
1429,1,8.62,varanasi to ayodhya distance by road,https://www.kashitaxi.in/en/varanasi-to-ayodhya,1
1368,1,9.18,ganga snan 2025,https://www.kashitaxi.in/en/city/varanasi/events/kartik-purnima-ganga-snan-varanasi-2025,3
1238,3,8.69,सूर्यास्त का समय आज का वाराणसी,,0
1169,5,2.73,banaras me kitne ghat h,https://www.kashitaxi.in/en/assi-ghat-aarti-timings-2025,1
990,1,9.97,varanasi to deoria distance,https://www.kashitaxi.in/en/varanasi-airport-to-deoria-distance,2
933,1,7.06,ganga snan 2025 date,https://www.kashitaxi.in/en/city/varanasi/events/kartik-purnima-ganga-snan-varanasi-2025,3
932,88,3.64,rent bike in varanasi,https://www.kashitaxi.in/bike-rentals-varanasi,1
923,8,2.01,varanasi weather in february 2026,https://www.kashitaxi.in/en/varanasi-in-february-2026,2
884,16,2.5,morning ganga aarti timing in varanasi,https://www.kashitaxi.in/en/dashashwamedh-ghat-ganga-aarti-timing,3
866,3,6.29,manikarnika ghat in hindi,https://www.kashitaxi.in/en/manikarnika-ghat-sacred-cremation-grounds,2
845,1,7.08,varanasi temperature in february,https://www.kashitaxi.in/en/varanasi-in-february-2026,1
830,1,7.88,varanasi to ddu station distance by road,https://www.kashitaxi.in/en/city/varanasi/taxi/varanasi-airport-to-banaras-railway-station-distance,2
788,14,5.11,scooty rent near me,https://www.kashitaxi.in/en/taxi-near-bhu,1
767,59,3.95,rental bike in varanasi,https://www.kashitaxi.in/bike-rentals-varanasi,1
767,3,4.93,varanasi to vindhyachal mandir distance,https://www.kashitaxi.in/en/city/varanasi/taxi/varanasi-airport-to-mirzapur-vindhyachal-distance,2
763,10,7.05,bike rental near me,https://www.kashitaxi.in/bike-rentals-varanasi,1
741,77,3.49,rental scooty in varanasi,,0
741,4,3.01,banaras mein kitne ghat hai,https://www.kashitaxi.in/en/assi-ghat-aarti-timings-2025,1
739,2,3.59,morning aarti in varanasi,https://www.kashitaxi.in/en/assi-ghat-morning-aarti-time,2
739,1,6.85,namo ghat varanasi distance,https://www.kashitaxi.in/en/varanasi-airport-to-namo-ghat-distance,3
736,2,3.12,varanasi me kitne ghat hai,https://www.kashitaxi.in/en/assi-ghat-aarti-timings-2025,1
714,4,6.16,vindhyachal mandir to varanasi distance,https://www.kashitaxi.in/en/city/varanasi/taxi/varanasi-airport-to-mirzapur-vindhyachal-distance,2
708,8,2.44,varanasi to sarnath auto fare,https://www.kashitaxi.in/en/sarnath-timing-visit-guide,1
707,1,2.04,varanasi weather in april,https://www.kashitaxi.in/en/varanasi-in-april,1
697,77,3.47,rent scooty in varanasi,,0
692,10,2.5,best malaiyo shop in varanasi,https://www.kashitaxi.in/en/malaiyo-varanasi-guide,1
687,4,4.98,varanasi ganga aarti time morning,https://www.kashitaxi.in/en/assi-ghat-morning-aarti-time,3
678,2,3.74,temperature in varanasi in february 2026,https://www.kashitaxi.in/en/varanasi-in-february-2026,2
674,22,3.28,is varanasi safe for women,https://www.kashitaxi.in/en/is-varanasi-safe-for-solo-female-travellers,2
671,4,3.74,banaras me kitne ghat hai,https://www.kashitaxi.in/en/assi-ghat-aarti-timings-2025,1
670,39,3.68,rental bike varanasi,https://www.kashitaxi.in/bike-rentals-varanasi,1
667,3,4.26,varanasi ganga aarti time today,https://www.kashitaxi.in/en/dashashwamedh-ghat-ganga-aarti-timing,2
652,30,1.97,sarnath mandir timing,https://www.kashitaxi.in/en/sarnath-timing-visit-guide,2
650,72,3.56,varanasi scooty rent,,0
633,15,1.63,assi ghat ganga aarti time,https://www.kashitaxi.in/en/assi-ghat-evening-aarti-time,4
633,2,3.79,varanasi junction to airport distance,https://www.kashitaxi.in/en/city/varanasi/taxi/varanasi-airport-to-varanasi-junction-distance,3
629,5,5.49,banaras outfits for women,https://www.kashitaxi.in/en/city/varanasi/taxi/varanasi-airport-to-banaras-railway-station-distance,1
627,8,3.21,बनारस से विंध्याचल कितना किलोमीटर है,,0
624,2,2.53,84 ghat varanasi,https://www.kashitaxi.in/hi/city/varanasi/activities/84-ghat-naav-tour-varanasi,2
617,8,2.52,varanasi morning aarti time,https://www.kashitaxi.in/en/assi-ghat-morning-aarti-time,3
616,5,4.34,dashashwamedh ghat aarti timings,https://www.kashitaxi.in/en/assi-ghat-aarti-timings-2025,3
606,1,7.26,namo ghat distance from my location,https://www.kashitaxi.in/en/varanasi-airport-to-namo-ghat-distance,3
594,3,3.14,assi ghat aarti timings evening,https://www.kashitaxi.in/en/assi-ghat-aarti-timings-2025,4
592,7,4.76,aarti time at assi ghat,https://www.kashitaxi.in/en/assi-ghat-evening-aarti-time,4
576,2,8.96,varanasi railway station to kashi vishwanath temple auto fare,https://www.kashitaxi.in/en/city/varanasi/sightseeing/kashi-vishwanath-temple-ganga-aarti-spiritual-journey-2025,3
575,1,9.05,varanasi to taj mahal distance,https://www.kashitaxi.in/en/city/varanasi/taxi/varanasi-airport-to-kashi-vishwanath-distance,1
567,1,3.6,banaras outfit ideas for women,https://www.kashitaxi.in/en/city/varanasi/taxi/varanasi-airport-to-banaras-railway-station-distance,1
564,2,3.96,kashi me kitne ghat hai,https://www.kashitaxi.in/en/assi-ghat-aarti-timings-2025,1
555,61,3.52,bike rentals in varanasi,https://www.kashitaxi.in/bike-rentals-varanasi,2
554,1,9.05,kashi to vindhyachal distance,https://www.kashitaxi.in/en/city/varanasi/taxi/varanasi-airport-to-kashi-vishwanath-distance,2
537,3,4.95,varanasi to kashi vishwanath distance,https://www.kashitaxi.in/en/city/varanasi/taxi/varanasi-airport-to-kashi-vishwanath-distance,3
536,2,8.12,banaras ghat name,https://www.kashitaxi.in/en/assi-ghat-aarti-timings-2025,1
534,19,7.09,kasi tamil sangam registration 2026 tamilnadu online apply last date,https://www.kashitaxi.in/en/varanasi-in-february-2026,1
534,8,2.92,dress for banaras trip,https://www.kashitaxi.in/en/city/varanasi/taxi/varanasi-airport-to-banaras-railway-station-distance,1
531,1,3.24,varanasi me ganga aarti time,https://www.kashitaxi.in/en/dashashwamedh-ghat-ganga-aarti-timing,2
528,1,7.44,vindhyachal to varanasi distance by road,https://www.kashitaxi.in/en/city/varanasi/taxi/varanasi-airport-to-mirzapur-vindhyachal-distance,2
508,4,4.13,banaras ghat aarti time,https://www.kashitaxi.in/en/assi-ghat-evening-aarti-time,3
508,1,3.59,varanasi city to airport distance,https://www.kashitaxi.in/en/city/varanasi/taxi/varanasi-airport-to-kashi-vishwanath-distance,3
501,10,5.19,bike rent near me,https://www.kashitaxi.in/bike-rentals-varanasi,1
497,1,9.24,manikarnika ghat to kashi vishwanath temple distance,https://www.kashitaxi.in/en/city/varanasi/taxi/varanasi-airport-to-kashi-vishwanath-distance,3
495,1,2.45,kashi ghat aarti time,https://www.kashitaxi.in/en/assi-ghat-evening-aarti-time,3
494,2,6.22,विंध्याचल कितने किलोमीटर है,,0
488,12,5.51,scooty rental near me,https://www.kashitaxi.in/en/taxi-near-bhu,1
481,2,6.51,"sarnath buddhist temple sarnath station road pandeypur sarnath varanasi 
uttar pradesh",https://www.kashitaxi.in/en/sarnath-buddhist-temple-guide,3
480,4,3.77,banaras se vindhyachal kitna dur hai,https://www.kashitaxi.in/en/varanasi-to-vindhyachal,1
478,3,3.48,varanasi weather february 2026,https://www.kashitaxi.in/en/varanasi-in-february-2026,2
477,3,3.88,varanasi ghat aarti time,https://www.kashitaxi.in/en/assi-ghat-evening-aarti-time,3
468,1,8.75,kashi to triveni sangam distance,https://www.kashitaxi.in/en/city/varanasi/taxi/varanasi-airport-to-kashi-vishwanath-distance,2
464,2,6.43,varanasi to varanasi airport distance,https://www.kashitaxi.in/en/city/varanasi/taxi/varanasi-airport-to-kashi-vishwanath-distance,2
464,1,8.58,बनारस से चित्रकूट की दूरी,,0
458,7,1.72,ganga aarti assi ghat timing,https://www.kashitaxi.in/en/dashashwamedh-ghat-ganga-aarti-timing,4
457,7,2.68,morning ganga aarti time in varanasi,https://www.kashitaxi.in/en/assi-ghat-morning-aarti-time,3
455,1,6.33,vindhyachal mandir mirzapur to varanasi distance,https://www.kashitaxi.in/en/city/varanasi/taxi/varanasi-airport-to-mirzapur-vindhyachal-distance,3
454,2,4.12,ganga aarti at dasaswamedh ghat varanasi timings,https://www.kashitaxi.in/en/assi-ghat-aarti-timings-2025,3
453,1,2.17,dashmesh ghat aarti time,https://www.kashitaxi.in/en/assi-ghat-evening-aarti-time,3
445,5,2.35,what to wear in banaras,https://www.kashitaxi.in/en/what-to-wear-in-varanasi,2
445,1,6.2,varanasi to prayagraj distance by road,https://www.kashitaxi.in/hi/varanasi-airport-to-prayagraj-distance,2
444,2,3.87,distance from varanasi airport to kashi vishwanath temple,https://www.kashitaxi.in/en/city/varanasi/taxi/varanasi-airport-to-kashi-vishwanath-distance,4
443,9,1.83,weather in varanasi in february 2026,https://www.kashitaxi.in/en/varanasi-in-february-2026,2
440,10,16.16,describe varanasi's ghats and their significance,https://www.kashitaxi.in/en/safety-and-security-in-varanasi-guide-for-solo-travellar,1
438,5,3.54,banaras se vindhyachal ki duri kitni hai,https://www.kashitaxi.in/en/varanasi-to-vindhyachal,1
437,1,7.07,varanasi station to varanasi airport distance,https://www.kashitaxi.in/en/city/varanasi/taxi/varanasi-airport-to-banaras-railway-station-distance,3
435,3,2.69,kashi vishwanath temple dress code,https://www.kashitaxi.in/en/city/varanasi/sightseeing/kashi-vishwanath-temple-ganga-aarti-spiritual-journey-2025,3
432,4,4.21,बनारस में कितने घाट है,,0
424,3,4.85,kashi vishwanath temple to varanasi airport distance,https://www.kashitaxi.in/en/city/varanasi/taxi/varanasi-airport-to-kashi-vishwanath-distance,4
422,1,8.69,varanasi se chitrakoot ki duri,https://www.kashitaxi.in/hi/varanasi-to-chitrakoot-tempo-traveller,1
420,1,6.24,blue motorcycle bike on rent |rental scooty varanasi,https://www.kashitaxi.in/bike-rentals-varanasi,1
419,1,3.75,siberian birds in banaras,https://www.kashitaxi.in/en/city/varanasi/events/siberian-birds-winter-events-varanasi,2
418,2,3.58,varanasi airport to temple distance,https://www.kashitaxi.in/en/city/varanasi/taxi/varanasi-airport-to-kashi-vishwanath-distance,2
412,1,5.72,sarnath to varanasi airport distance,https://www.kashitaxi.in/en/varanasi-airport-to-sarnath-distance,3
411,2,7.95,temperature in varanasi in february,https://www.kashitaxi.in/en/varanasi-in-february-2026,1
409,1,6.28,वाराणसी से विंध्याचल बस सर्विस,,0
407,4,3.59,dashashwamedh ghat ganga aarti time,https://www.kashitaxi.in/en/dashashwamedh-ghat-ganga-aarti-timing,4
401,1,2.94,varanasi temperature in december,https://www.kashitaxi.in/en/varanasi-in-december-2025,1
387,3,3.87,dashashwamedh ghat aarti time morning,https://www.kashitaxi.in/en/assi-ghat-morning-aarti-time,4
384,15,10.58,scooty on rent near me,https://www.kashitaxi.in/en/taxi-near-bhu,1
377,1,3.05,varanasi temperature in february 2026,https://www.kashitaxi.in/en/varanasi-in-february-2026,2
375,4,3.02,banaras morning ganga aarti timing,https://www.kashitaxi.in/en/dashashwamedh-ghat-ganga-aarti-timing,3
372,5,6.95,varanasi to sarnath distance by road,https://www.kashitaxi.in/en/varanasi-airport-to-sarnath-distance,2
366,6,11.83,rental scooty near me,https://www.kashitaxi.in/en/taxi-near-bhu,1
361,4,2.06,ganga aarti timing in varanasi morning,https://www.kashitaxi.in/en/dashashwamedh-ghat-ganga-aarti-timing,3
360,11,3.39,shivratri in varanasi,,0
355,3,6.04,varanasi se sarnath ki duri,https://www.kashitaxi.in/en/sarnath-timing-visit-guide,1
351,8,2.13,sarnath visiting time,https://www.kashitaxi.in/en/sarnath-timing-visit-guide,1
351,4,3.87,वाराणसी से विन्ध्याचल की दूरी,,0
344,9,3.45,ganga aarti time dashashwamedh ghat today,https://www.kashitaxi.in/en/dashashwamedh-ghat-ganga-aarti-timing,4
342,4,2.58,morning aarti time in varanasi,https://www.kashitaxi.in/en/assi-ghat-morning-aarti-time,3
342,1,2.91,banaras mein kul kitne ghat hain,https://www.kashitaxi.in/en/assi-ghat-aarti-timings-2025,1
340,5,3.21,today ganga aarti time,https://www.kashitaxi.in/en/dashashwamedh-ghat-ganga-aarti-timing,2
340,1,9.13,varanasi ghat name,https://www.kashitaxi.in/en/assi-ghat-aarti-timings-2025,1
335,5,4.16,ganga aarti morning time in varanasi,https://www.kashitaxi.in/en/assi-ghat-morning-aarti-time,3
332,3,3.54,dasaswamedh ghat aarti time today,https://www.kashitaxi.in/en/assi-ghat-evening-aarti-time,3
327,13,1.59,sarnath opening and closing time today,https://www.kashitaxi.in/en/sarnath-timing-visit-guide,1
326,6,6.04,varanasi to vindhyavasini mandir distance,https://www.kashitaxi.in/en/city/varanasi/taxi/varanasi-airport-to-kashi-vishwanath-distance,1
319,29,3.54,rental bikes in varanasi,,0
319,11,1.61,sarnath opening time today,https://www.kashitaxi.in/en/sarnath-timing-visit-guide,1
319,1,9.6,varanasi se gorakhpur ki duri,https://www.kashitaxi.in/hi/city/varanasi/taxi/varanasi-airport-to-gorakhpur-distance,1
318,20,3.75,mahashivratri in varanasi 2026,https://www.kashitaxi.in/en/varanasi-in-february-2026,1
318,1,4.47,varanasi airport to ddu railway station distance,https://www.kashitaxi.in/en/city/varanasi/taxi/varanasi-airport-to-banaras-railway-station-distance,4
314,4,5.61,गंगा आरती वाराणसी टाइमिंग,,0
312,3,3.3,siberian birds in varanasi timing,https://www.kashitaxi.in/en/city/varanasi/events/siberian-birds-winter-events-varanasi,2
309,4,2.57,ganga aarti time in varanasi today,https://www.kashitaxi.in/en/dashashwamedh-ghat-ganga-aarti-timing,2
309,2,2.01,assi ghat varanasi aarti time,https://www.kashitaxi.in/en/assi-ghat-evening-aarti-time,4
306,4,1.85,sarnath opening and closing time,https://www.kashitaxi.in/en/sarnath-timing-visit-guide,1
306,1,5.21,kedar ghat to kashi vishwanath temple distance,https://www.kashitaxi.in/en/city/varanasi/taxi/varanasi-airport-to-kashi-vishwanath-distance,3
303,2,4.59,distance between varanasi airport to kashi vishwanath temple,https://www.kashitaxi.in/en/city/varanasi/taxi/varanasi-airport-to-kashi-vishwanath-distance,4
303,1,7.03,varanasi junction to namo ghat distance,https://www.kashitaxi.in/en/varanasi-airport-to-namo-ghat-distance,3
300,1,1.51,banaras look for girls,https://www.kashitaxi.in/en/city/varanasi/taxi/varanasi-airport-to-banaras-railway-station-distance,1
299,1,2.29,famous malaiyo shop in varanasi,https://www.kashitaxi.in/en/malaiyo-varanasi-guide,1
296,1,1.53,weather in varanasi in april,https://www.kashitaxi.in/en/varanasi-in-april,1
294,6,3.4,बनारस से विन्ध्याचल की दूरी,,0
294,1,4.14,वाराणसी में कितने घाट है,,0
290,5,5.57,kashi vishwanath temple dress code for ladies,https://www.kashitaxi.in/en/city/varanasi/sightseeing/kashi-vishwanath-temple-ganga-aarti-spiritual-journey-2025,3
290,5,3.54,varanasi to vindhyachal temple distance by road,https://www.kashitaxi.in/en/city/varanasi/taxi/varanasi-airport-to-mirzapur-vindhyachal-distance,2
290,1,3.38,malaiyo shop near me,https://www.kashitaxi.in/en/malaiyo-varanasi-guide,1
288,7,1.97,morning aarti at assi ghat timing,https://www.kashitaxi.in/en/assi-ghat-morning-aarti-time,4
287,6,6.97,rental bike near me,https://www.kashitaxi.in/bike-rentals-varanasi,1
284,8,2.57,is varanasi safe for girls,https://www.kashitaxi.in/en/is-varanasi-safe-for-solo-female-travellers,2
283,1,6.89,varanasi to ddu distance by road,https://www.kashitaxi.in/en/varanasi-airport-to-ddu-junction-distance,2
282,1,4.44,varanasi to bodhgaya distance by road,https://www.kashitaxi.in/en/city/varanasi/taxi/varanasi-airport-to-kashi-vishwanath-distance,1
276,3,2.61,kashi airport to temple distance,https://www.kashitaxi.in/en/city/varanasi/taxi/varanasi-airport-to-kashi-vishwanath-distance,3
276,2,8.87,varanasi to nepal distance by road,https://www.kashitaxi.in/en/city/varanasi/taxi/varanasi-airport-to-kashi-vishwanath-distance,1
273,15,3.64,banaras bike rent,https://www.kashitaxi.in/bike-rentals-varanasi,1
272,2,5.74,kashi vishwanath temple to varanasi airport,https://www.kashitaxi.in/en/city/varanasi/taxi/varanasi-airport-to-kashi-vishwanath-distance,3
272,1,6.97,yahan se vindhyachal ki duri,https://www.kashitaxi.in/en/varanasi-to-vindhyachal,1
271,2,3.14,banaras me kul kitne ghat hai,https://www.kashitaxi.in/en/assi-ghat-aarti-timings-2025,1
270,2,3.21,varanasi traditional dress male,,0
269,25,4.01,varanasi rental bike,https://www.kashitaxi.in/bike-rentals-varanasi,1
269,4,2.94,sarnath stupa timings,https://www.kashitaxi.in/en/assi-ghat-aarti-timings-2025,1
269,1,5.22,varanasi to namo ghat distance,https://www.kashitaxi.in/en/varanasi-airport-to-namo-ghat-distance,3
268,1,5.65,varanasi total ghat,https://www.kashitaxi.in/en/assi-ghat-aarti-timings-2025,1
266,11,2.08,dashashwamedh ghat aarti vip ticket price,https://www.kashitaxi.in/en/dashashwamedh-ghat-ganga-aarti-timing,3
264,2,3.42,kashi vishwanath temple to airport distance,https://www.kashitaxi.in/en/city/varanasi/taxi/varanasi-airport-to-kashi-vishwanath-distance,4
261,22,3.33,scooty rent varanasi,,0
260,3,5.3,vindhyavasini to varanasi distance,https://www.kashitaxi.in/en/city/varanasi/taxi/varanasi-airport-to-kashi-vishwanath-distance,1
260,1,2.13,बनारस गंगा आरती का समय,,0
259,1,3.14,banaras mein kul kitne ghat hai,https://www.kashitaxi.in/en/assi-ghat-aarti-timings-2025,1
258,5,9.14,cost of pind daan in gaya,https://www.kashitaxi.in/en/kashi-gaya-prayag-pind-daan-tour,3
258,1,7.25,total ghats in varanasi,https://www.kashitaxi.in/hi/guide-to-10-most-important-ghats-of-varanasi,1
257,3,3.36,outfits to wear in banaras,https://www.kashitaxi.in/en/what-to-wear-in-varanasi,1
256,2,2.71,kashi me ganga aarti time,https://www.kashitaxi.in/en/city/varanasi/sightseeing/kashi-vishwanath-temple-ganga-aarti-spiritual-journey-2025,3
253,1,2.55,sarnath buddha temple,https://www.kashitaxi.in/en/sarnath-buddhist-temple-guide,2
252,1,3.1,dashashwamedh ghat evening aarti time,https://www.kashitaxi.in/en/assi-ghat-evening-aarti-time,4
250,5,2.83,dress to wear in banaras,https://www.kashitaxi.in/en/what-to-wear-in-varanasi,1
250,4,2.14,morning aarti time at assi ghat,https://www.kashitaxi.in/en/assi-ghat-morning-aarti-time,5
250,1,9.35,ddu station to varanasi distance by road fare,https://www.kashitaxi.in/en/city/varanasi/taxi/varanasi-airport-to-banaras-railway-station-distance,2
248,2,2.32,varanasi dress for women,https://www.kashitaxi.in/en/services/varanasi-safest-taxi-for-women,1
247,2,3.67,dresses for banaras trip,https://www.kashitaxi.in/en/city/varanasi/taxi/varanasi-airport-to-banaras-railway-station-distance,1
247,1,9.61,nepal distance from varanasi,https://www.kashitaxi.in/en/city/varanasi/taxi/varanasi-airport-to-kashi-vishwanath-distance,1
245,29,3.41,scooty for rent in varanasi,,0
244,4,2.35,varanasi assi ghat aarti time,https://www.kashitaxi.in/en/assi-ghat-evening-aarti-time,4
244,2,5.22,vindhyachal se varanasi ki duri,https://www.kashitaxi.in/en/varanasi-to-vindhyachal,1
242,1,3.68,kashi ganga aarti timing,https://www.kashitaxi.in/en/dashashwamedh-ghat-ganga-aarti-timing,3
241,1,4.25,varanasi temple to airport distance,https://www.kashitaxi.in/en/city/varanasi/taxi/varanasi-airport-to-kashi-vishwanath-distance,2
240,12,4.16,காசி தமிழ் சங்கமம் 2026,https://www.kashitaxi.in/en/varanasi-in-february-2026,1
240,9,3.57,vindhyachal dharamshala price per day,https://www.kashitaxi.in/en/varanasi-to-vindhyachal,1
240,3,2.94,dress code in kashi vishwanath temple,https://www.kashitaxi.in/en/city/varanasi/sightseeing/kashi-vishwanath-temple-ganga-aarti-spiritual-journey-2025,3
240,1,12.2,varanasi to allahabad distance,https://www.kashitaxi.in/en/city/varanasi/taxi/varanasi-airport-to-kashi-vishwanath-distance,1
240,1,3.62,banaras me total kitne ghat hai,https://www.kashitaxi.in/en/assi-ghat-aarti-timings-2025,1
238,3,1.89,is malaiyo available in march in varanasi,https://www.kashitaxi.in/en/malaiyo-varanasi-guide,1
238,1,6.27,banaras look for women,https://www.kashitaxi.in/en/city/varanasi/taxi/varanasi-airport-to-banaras-railway-station-distance,1
237,9,4.98,vindhyachal trikon yatra,https://www.kashitaxi.in/hi/trikon-parikrama-vindhyachal-complete-guide,2
236,1,3.92,varanasi mein kitne ghat hai,https://www.kashitaxi.in/en/assi-ghat-aarti-timings-2025,1
233,2,3.85,kedar ghat to assi ghat distance,https://www.kashitaxi.in/en/assi-ghat-to-airport-distance,3
231,4,3.15,assi ghat boat ride timings,https://www.kashitaxi.in/en/assi-ghat-aarti-timings-2025,3
231,2,2.95,varanasi outfits women,https://www.kashitaxi.in/en/services/varanasi-safest-taxi-for-women,1
229,3,2.37,kashi weather in february,https://www.kashitaxi.in/en/city/varanasi/taxi/varanasi-airport-to-kashi-vishwanath-distance,1
229,1,7.29,sarnath museum tickets,https://www.kashitaxi.in/en/sarnath-timing-visit-guide,1
229,1,5.81,vindhyachal mandir ki duri,https://www.kashitaxi.in/en/varanasi-to-vindhyachal,1
229,1,4.27,varanasi temple to varanasi airport distance,https://www.kashitaxi.in/en/city/varanasi/taxi/varanasi-airport-to-kashi-vishwanath-distance,2
228,1,7.0,banaras se kashi ki duri,https://www.kashitaxi.in/en/city/varanasi/taxi/varanasi-airport-to-kashi-vishwanath-distance,1
227,12,3.29,assi ghat morning aarti time today,https://www.kashitaxi.in/en/assi-ghat-morning-aarti-time,5
227,3,3.86,kashi dress code,https://www.kashitaxi.in/en/city/varanasi/taxi/varanasi-airport-to-kashi-vishwanath-distance,1
227,2,4.52,free local events happening this week,https://www.kashitaxi.in/en/city/varanasi/events/kashi-tamil-sangamam-2025-varanasi,1
227,2,2.26,ganga aarti varanasi booking,https://www.kashitaxi.in/en/ganga-aarti-boat-booking-price,3
225,33,3.36,varanasi bike rental price,https://www.kashitaxi.in/bike-rentals-varanasi,1
223,2,5.39,is jeans allowed in kashi vishwanath temple,https://www.kashitaxi.in/en/city/varanasi/sightseeing/kashi-vishwanath-temple-ganga-aarti-spiritual-journey-2025,3
222,10,6.82,rent scooty near me,https://www.kashitaxi.in/en/taxi-near-bhu,1
222,2,7.42,varanasi station to godowlia chowk auto fare,https://www.kashitaxi.in/en/city/varanasi/taxi/varanasi-airport-to-banaras-railway-station-distance,1
222,2,4.59,kashi mein kitne ghat hai,https://www.kashitaxi.in/en/assi-ghat-aarti-timings-2025,1
222,2,3.85,vns airport to kashi vishwanath temple distance,https://www.kashitaxi.in/en/city/varanasi/taxi/varanasi-airport-to-kashi-vishwanath-distance,4
221,2,2.65,varanasi main ghat name,https://www.kashitaxi.in/en/assi-ghat-aarti-timings-2025,1
219,3,3.79,february temperature in varanasi,https://www.kashitaxi.in/en/varanasi-in-february-2026,1
218,1,5.5,vindhyachal mandir distance from varanasi,https://www.kashitaxi.in/en/navratri-pilgrimage-vindhyachal-from-varanasi-guide,2
216,1,7.06,prayagraj to varanasi distance,https://www.kashitaxi.in/hi/varanasi-airport-to-prayagraj-distance,2
214,5,2.42,sarnath temple opening time,https://www.kashitaxi.in/en/sarnath-buddhist-temple-guide,2
214,1,3.25,time of ganga aarti in varanasi,https://www.kashitaxi.in/en/dashashwamedh-ghat-ganga-aarti-timing,2
213,4,2.56,assi ghat aarti timings today,https://www.kashitaxi.in/en/assi-ghat-aarti-timings-2025,4
212,19,3.59,bike for rent in varanasi,https://www.kashitaxi.in/bike-rentals-varanasi,1
211,4,5.03,vindhyachal vip darshan price,https://www.kashitaxi.in/en/varanasi-to-vindhyachal,1
210,2,2.65,ganga aarti booking varanasi,https://www.kashitaxi.in/en/ganga-aarti-boat-booking-price,3
209,1,3.87,varanasi ganga aarti time evening,https://www.kashitaxi.in/en/assi-ghat-evening-aarti-time,3
206,11,3.65,bike rent in varanasi near railway station,https://www.kashitaxi.in/en/city/varanasi/taxi/varanasi-airport-to-banaras-railway-station-distance,2
206,5,1.95,aarti at assi ghat timing,https://www.kashitaxi.in/en/assi-ghat-aarti-timings-2025,3
206,3,2.27,february weather in varanasi,https://www.kashitaxi.in/en/varanasi-in-february-2026,1
206,1,6.47,banaras airport to banaras railway station,https://www.kashitaxi.in/en/city/varanasi/taxi/varanasi-airport-to-banaras-railway-station-distance,4
203,1,4.85,vns to vindhyachal distance,https://www.kashitaxi.in/en/city/varanasi/taxi/varanasi-airport-to-mirzapur-vindhyachal-distance,2
201,1,8.34,worst time to visit varanasi with family,https://www.kashitaxi.in/en/best-time-to-visit-varanasi,2
200,2,5.61,distance of vindhyachal from varanasi,https://www.kashitaxi.in/en/navratri-pilgrimage-vindhyachal-from-varanasi-guide,2
200,1,2.16,dashashwamedh ghat ganga aarti timings morning,https://www.kashitaxi.in/en/dashashwamedh-ghat-ganga-aarti-timing,4
199,1,1.96,evening aarti time in varanasi,https://www.kashitaxi.in/en/assi-ghat-evening-aarti-time,3
198,21,3.87,cheapest bike rent in varanasi,https://www.kashitaxi.in/bike-rentals-varanasi,1
198,2,3.85,sarnath visiting places,https://www.kashitaxi.in/en/sarnath-timing-visit-guide,1
198,1,7.18,varanasi to triveni sangam to ayodhya distance,https://www.kashitaxi.in/en/varanasi-to-triveni-sangam-tempo-traveller,2
197,1,4.21,mahashivratri in varanasi,,0
196,2,12.28,keshi ghat aarti timings,https://www.kashitaxi.in/en/assi-ghat-aarti-timings-2025,3
194,1,3.95,varanasi airport to varanasi city distance,https://www.kashitaxi.in/en/city/varanasi/taxi/varanasi-airport-to-kashi-vishwanath-distance,3
193,1,1.84,aarti timings at assi ghat,https://www.kashitaxi.in/en/assi-ghat-aarti-timings-2025,4
192,4,7.12,kasi tamil sangam registration 2026 last date in tamilnadu,https://www.kashitaxi.in/en/varanasi-in-february-2026,1
192,3,6.9,विंध्याचल मंदिर distance,https://www.kashitaxi.in/en/city/varanasi/taxi/varanasi-airport-to-kashi-vishwanath-distance,1
192,1,9.34,ramnagar fort distance from varanasi,https://www.kashitaxi.in/en/varanasi-airport-to-ramnagar-fort-distance,3
190,1,2.77,varanasi ganga aarti time morning assi ghat,https://www.kashitaxi.in/en/assi-ghat-morning-aarti-time,5
188,2,2.61,malaiyo price in varanasi,https://www.kashitaxi.in/en/malaiyo-varanasi-guide,1
188,1,3.24,banaras railway station to airport distance,https://www.kashitaxi.in/en/city/varanasi/taxi/varanasi-airport-to-banaras-railway-station-distance,5
187,1,6.13,varanasi ganga aarti booking price,https://www.kashitaxi.in/en/ganga-aarti-boat-booking-price,4
186,1,5.33,vindhyachal ki duri kitni hai,https://www.kashitaxi.in/en/varanasi-to-vindhyachal,1
184,1,4.41,outfits for banaras trip,https://www.kashitaxi.in/en/city/varanasi/taxi/varanasi-airport-to-banaras-railway-station-distance,1
182,1,1.95,varanasi airport nearest railway station,https://www.kashitaxi.in/en/city/varanasi/taxi/varanasi-airport-to-banaras-railway-station-distance,3
182,1,1.8,subah e banaras aarti timing,https://www.kashitaxi.in/en/dashashwamedh-ghat-ganga-aarti-timing,2
180,13,3.62,varanasi rent bike,https://www.kashitaxi.in/bike-rentals-varanasi,1
180,1,9.28,ganga snan 2026 date,https://www.kashitaxi.in/en/mauni-amavasya-ganga-snan-varanasi-2026,3
180,1,5.17,varanasi dashashwamedh ghat aarti time,https://www.kashitaxi.in/en/dashashwamedh-ghat-ganga-aarti-timing,3
179,5,1.77,assi ghat morning aarti timing,https://www.kashitaxi.in/en/assi-ghat-morning-aarti-time,4
178,2,5.12,varanasi airport to kashi vishwanath temple uber price,https://www.kashitaxi.in/en/city/varanasi/taxi/varanasi-airport-to-kashi-vishwanath-distance,3
178,2,3.31,sarnath to varanasi distance,https://www.kashitaxi.in/en/varanasi-airport-to-sarnath-distance,2
178,1,4.39,varanasi airport to mughalsarai railway station distance,https://www.kashitaxi.in/en/city/varanasi/taxi/varanasi-airport-to-banaras-railway-station-distance,4
176,3,7.85,kasi free tour 2026 tamil nadu,https://www.kashitaxi.in/en/kasi-tour-package,2
176,1,4.4,banaras aarti time,https://www.kashitaxi.in/en/assi-ghat-evening-aarti-time,2
174,5,4.56,varanasi to bindhyabasini temple distance,https://www.kashitaxi.in/en/city/varanasi/taxi/varanasi-airport-to-kashi-vishwanath-distance,1
174,2,3.81,वाराणसी से विंध्याचल मंदिर की दूरी,,0
174,1,3.82,today ganga aarti time in varanasi,https://www.kashitaxi.in/en/dashashwamedh-ghat-ganga-aarti-timing,2
173,1,3.76,aarti time dashashwamedh ghat,https://www.kashitaxi.in/en/dashashwamedh-ghat-ganga-aarti-timing,3
172,11,3.85,rent bike varanasi,https://www.kashitaxi.in/bike-rentals-varanasi,1
172,1,4.18,ganga aarti timing dashashwamedh ghat,https://www.kashitaxi.in/en/dashashwamedh-ghat-ganga-aarti-timing,5
171,9,3.42,scooty rent in varanasi near railway station,https://www.kashitaxi.in/en/city/varanasi/taxi/varanasi-airport-to-banaras-railway-station-distance,2
170,4,6.82,goenka dharamshala vindhyachal,https://www.kashitaxi.in/en/varanasi-to-vindhyachal,1
170,2,8.04,kashi mahashivratri,https://www.kashitaxi.in/en/city/varanasi/taxi/varanasi-airport-to-kashi-vishwanath-distance,1
170,1,8.94,bike rentals near me,https://www.kashitaxi.in/bike-rentals-varanasi,2
169,3,3.66,varanasi cruise ticket price,https://www.kashitaxi.in/en/morning-boat-ride-varanasi-price,1
167,4,3.73,best dharamshala in vindhyachal with price for family,https://www.kashitaxi.in/en/varanasi-to-vindhyachal,1
167,4,1.84,is varanasi safe for a woman,https://www.kashitaxi.in/en/is-varanasi-safe-for-solo-female-travellers,2
166,4,3.75,banaras se vindhyachal kitni dur hai,https://www.kashitaxi.in/en/varanasi-to-vindhyachal,1
166,1,2.58,kashi ganga aarti timings,https://www.kashitaxi.in/en/city/varanasi/sightseeing/kashi-vishwanath-temple-ganga-aarti-spiritual-journey-2025,3
165,2,3.77,kashi vishwanath temple to sarnath distance,https://www.kashitaxi.in/en/city/varanasi/taxi/varanasi-airport-to-kashi-vishwanath-distance,3
165,1,4.21,varanasi ganga aarti timings morning,https://www.kashitaxi.in/en/assi-ghat-aarti-timings-2025,2
165,1,2.32,assi time,https://www.kashitaxi.in/en/assi-ghat-evening-aarti-time,2
164,1,1.75,assi ghat arti timing,https://www.kashitaxi.in/en/assi-ghat-aarti-timings-2025,2
163,8,3.77,banaras se vindhyachal mandir ki duri,https://www.kashitaxi.in/en/varanasi-to-vindhyachal,1
163,3,3.48,morning assi ghat aarti time,https://www.kashitaxi.in/en/assi-ghat-morning-aarti-time,5
163,1,8.13,taxi service in varanasi outstation,https://www.kashitaxi.in/en/city/varanasi/taxi/taxi-service-varanasi-cantt-station,2
163,1,2.37,temperature in varanasi in december,https://www.kashitaxi.in/en/varanasi-in-december-2025,1
162,3,5.56,varanasi mahashivratri,,0
161,11,3.37,scooty rent in banaras,https://www.kashitaxi.in/en/city/varanasi/taxi/varanasi-airport-to-banaras-railway-station-distance,1
161,5,7.46,boat ride price in varanasi,https://www.kashitaxi.in/en/morning-boat-ride-varanasi-price,3
161,1,8.7,taj ganges varanasi to kashi vishwanath temple,https://www.kashitaxi.in/en/city/varanasi/sightseeing/kashi-vishwanath-temple-ganga-aarti-spiritual-journey-2025,3
160,1,5.7,बनारस से काशी कितने किलोमीटर है,,0
159,1,4.28,evening ganga aarti time in varanasi,https://www.kashitaxi.in/en/assi-ghat-evening-aarti-time,3
158,3,3.37,varanasi solo trip female,https://www.kashitaxi.in/en/is-varanasi-safe-for-solo-female-travellers,2
158,1,3.48,banaras mein kitna ghat hai,https://www.kashitaxi.in/en/assi-ghat-aarti-timings-2025,1
157,3,1.79,timing of ganga aarti at assi ghat,https://www.kashitaxi.in/en/dashashwamedh-ghat-ganga-aarti-timing,4
156,5,3.74,varanasi ghat name list in hindi,https://www.kashitaxi.in/en/assi-ghat-aarti-timings-2025,1
156,3,4.04,बनारस से विंध्यवासिनी की दूरी,,0
156,3,3.58,varanasi se vindhyachal ki duri kitni hai,https://www.kashitaxi.in/en/varanasi-to-vindhyachal,1
156,1,7.7,kashi darshan-rental bike service reviews,https://www.kashitaxi.in/en/kashi-vishwanath-darshan-ganga-aarti-package,2
155,2,5.06,dress for banaras,https://www.kashitaxi.in/en/city/varanasi/taxi/varanasi-airport-to-banaras-railway-station-distance,1
155,1,6.83,kashi to sarnath distance,https://www.kashitaxi.in/en/city/varanasi/taxi/varanasi-airport-to-kashi-vishwanath-distance,2
153,3,2.25,वाराणसी गंगा आरती टाइम,,0
153,1,12.45,best ghat in varanasi,https://www.kashitaxi.in/en/best-experience-dev-deepawali-ghat-boat-guide,2
153,1,3.8,banaras se vindhyachal kitne kilometre hai,https://www.kashitaxi.in/en/varanasi-to-vindhyachal,1
153,1,1.93,kashi ganga harathi timings,https://www.kashitaxi.in/en/city/varanasi/sightseeing/kashi-vishwanath-temple-ganga-aarti-spiritual-journey-2025,2
152,2,4.68,varanasi shivratri,,0
152,1,4.95,varanasi to vindhyachal distance by bus,https://www.kashitaxi.in/en/city/varanasi/taxi/varanasi-airport-to-mirzapur-vindhyachal-distance,2
151,11,3.98,banaras scooty rent,https://www.kashitaxi.in/en/city/varanasi/taxi/varanasi-airport-to-banaras-railway-station-distance,1
150,12,3.6,scooty on rent in banaras,https://www.kashitaxi.in/en/city/varanasi/taxi/varanasi-airport-to-banaras-railway-station-distance,1
150,1,2.52,varanasi ghat name list pdf,https://www.kashitaxi.in/en/assi-ghat-aarti-timings-2025,1
149,5,2.6,outfits to wear in banaras in winter,https://www.kashitaxi.in/en/what-to-wear-in-varanasi,1
149,2,3.44,banaras trip dress for women,https://www.kashitaxi.in/en/city/varanasi/taxi/varanasi-airport-to-banaras-railway-station-distance,1
149,1,3.66,varanasi me kul kitne ghat hai,https://www.kashitaxi.in/en/assi-ghat-aarti-timings-2025,1
148,4,2.21,varanasi ganga aarti booking,https://www.kashitaxi.in/en/ganga-aarti-boat-booking-price,3
148,1,8.49,बनारस से प्रयागराज,,0
148,1,6.09,varanasi boating price,https://www.kashitaxi.in/en/morning-boat-ride-varanasi-price,1
147,2,4.15,manikarnika ghat photos,https://www.kashitaxi.in/en/manikarnika-ghat-sacred-cremation-grounds,2
147,2,3.5,ganga aarti time in varanasi assi ghat today,https://www.kashitaxi.in/en/assi-ghat-evening-aarti-time,4
146,3,8.98,காசி தமிழ் சங்கம் பதிவு,,0
145,1,5.32,kashi manikarnika ghat,https://www.kashitaxi.in/en/manikarnika-ghat-sacred-cremation-grounds,2
143,2,11.39,sunauli to kathmandu taxi fare,https://www.kashitaxi.in/en/varanasi-to-kathmandu-taxi,2
143,2,7.88,rent bike near me,https://www.kashitaxi.in/bike-rentals-varanasi,1
143,1,3.66,banaras airport to banaras railway station distance,https://www.kashitaxi.in/en/city/varanasi/taxi/varanasi-airport-to-banaras-railway-station-distance,5
142,6,5.21,kashi tamil sangamam 2026 registration,https://www.kashitaxi.in/en/city/varanasi/events/kashi-tamil-sangamam-2025-varanasi,3
142,3,2.37,assi ghat aarti booking,https://www.kashitaxi.in/en/assi-ghat-aarti-timings-2025,3
142,1,6.17,varanasi outfits men,,0
142,1,4.63,ganga aarti time dashashwamedh ghat,https://www.kashitaxi.in/en/dashashwamedh-ghat-ganga-aarti-timing,4
141,2,6.82,varanasi to mirzapur vindhyachal distance,https://www.kashitaxi.in/en/city/varanasi/taxi/varanasi-airport-to-mirzapur-vindhyachal-distance,3
140,8,6.17,kasi tamil sangam registration 2026 tamilnadu online last date and time,https://www.kashitaxi.in/hi/varanasi-sunrise-time,1
140,1,4.16,varanasi to vindhyachal mandir distance by road,https://www.kashitaxi.in/en/city/varanasi/taxi/varanasi-airport-to-mirzapur-vindhyachal-distance,2
139,1,9.4,1 night 2 days ayodhya itinerary,https://www.kashitaxi.in/en/ayodhya-2-day-tour,2
139,1,4.46,varanasi airport to varanasi temple distance,https://www.kashitaxi.in/en/city/varanasi/taxi/varanasi-airport-to-kashi-vishwanath-distance,2
139,1,2.72,banaras mai kitne ghat hai,https://www.kashitaxi.in/en/assi-ghat-aarti-timings-2025,1
138,9,4.07,activa on rent in varanasi,,0
138,5,3.19,outfits to wear in varanasi,https://www.kashitaxi.in/en/what-to-wear-in-varanasi,1
138,1,3.88,काशी में कितने घाट हैं,,0
137,1,4.77,varanasi airport to ghat distance,https://www.kashitaxi.in/en/assi-ghat-to-airport-distance,3
137,1,2.5,sarnath varanasi buddha temple,https://www.kashitaxi.in/en/sarnath-buddhist-temple-guide,2
137,1,2.43,varanasi february weather,https://www.kashitaxi.in/en/varanasi-in-february-2026,1
136,2,7.58,shivratri in kashi,https://www.kashitaxi.in/en/city/varanasi/taxi/varanasi-airport-to-kashi-vishwanath-distance,1
136,2,3.8,banaras me ganga aarti kab hoti hai,https://www.kashitaxi.in/en/dashashwamedh-ghat-ganga-aarti-timing,2
135,8,3.39,dresses to wear in varanasi,https://www.kashitaxi.in/en/what-to-wear-in-varanasi,1
135,3,7.13,বেনারস ভ্রমণ খরচ,,0
135,2,2.1,बनारस में गंगा आरती का समय,,0
135,1,6.36,vindhyavasini temple to varanasi distance,https://www.kashitaxi.in/en/city/varanasi/taxi/varanasi-airport-to-kashi-vishwanath-distance,1
134,3,4.37,aarti time in dasaswamedh ghat,https://www.kashitaxi.in/en/assi-ghat-evening-aarti-time,3
134,3,4.29,varanasi mela 2026,https://www.kashitaxi.in/en/city/prayagraj/events/magh-mela-2026-travel-guide-varanasi,2
134,3,3.06,clothes to wear in banaras,https://www.kashitaxi.in/en/what-to-wear-in-varanasi,1
134,1,4.24,varanasi airport to dashashwamedh ghat distance,https://www.kashitaxi.in/en/assi-ghat-to-airport-distance,3
133,1,4.22,today aarti time,https://www.kashitaxi.in/en/assi-ghat-evening-aarti-time,2
130,3,9.98,how many ghats in varanasi,https://www.kashitaxi.in/hi/guide-to-10-most-important-ghats-of-varanasi,1
130,1,6.26,kashi temple dress code,https://www.kashitaxi.in/en/city/varanasi/sightseeing/kashi-vishwanath-temple-ganga-aarti-spiritual-journey-2025,2
130,1,3.72,varanasi se vindhyachal kitna kilometre hai,https://www.kashitaxi.in/en/varanasi-to-vindhyachal,1
129,3,7.71,tempo traveller 17 seater in varanasi,https://www.kashitaxi.in/en/17-seater-tempo-traveller-varanasi,4
129,2,9.14,kashi vishwanath mahashivratri,https://www.kashitaxi.in/en/city/varanasi/taxi/varanasi-airport-to-kashi-vishwanath-distance,2
129,1,5.82,vindhyachal varanasi distance,https://www.kashitaxi.in/en/city/varanasi/taxi/varanasi-airport-to-mirzapur-vindhyachal-distance,2
129,1,3.92,बनारस में कितने घाट हैं,,0
129,1,3.51,ganga aarti vip ticket price varanasi,https://www.kashitaxi.in/en/ganga-aarti-boat-booking-price,3
129,1,1.62,ganga aarti kashi timing,https://www.kashitaxi.in/en/dashashwamedh-ghat-ganga-aarti-timing,3
128,4,4.27,dharamshala near vindhyachal temple,https://www.kashitaxi.in/en/varanasi-to-vindhyachal,1
128,2,8.29,kasi tamil sangam registration 2026 tamilnadu online last date,https://www.kashitaxi.in/en/varanasi-in-february-2026,1
128,1,4.05,varanasi airport to varanasi distance,https://www.kashitaxi.in/en/city/varanasi/taxi/varanasi-airport-to-kashi-vishwanath-distance,2
127,2,4.17,distance from varanasi to vindhyachal temple,https://www.kashitaxi.in/en/navratri-pilgrimage-vindhyachal-from-varanasi-guide,2
127,1,10.27,birla dharamshala vindhyachal,https://www.kashitaxi.in/en/varanasi-to-vindhyachal,1
125,3,2.67,banaras me subah ki aarti time,https://www.kashitaxi.in/en/assi-ghat-evening-aarti-time,2
125,2,5.39,distance between banaras to vindhyachal,https://www.kashitaxi.in/en/city/varanasi/taxi/varanasi-airport-to-banaras-railway-station-distance,2
125,1,6.08,godowlia to sarnath distance,https://www.kashitaxi.in/en/varanasi-airport-to-sarnath-distance,2
125,1,5.83,varanasi boat price,https://www.kashitaxi.in/en/morning-boat-ride-varanasi-price,2
125,1,4.42,banaras to varanasi airport distance,https://www.kashitaxi.in/en/city/varanasi/taxi/varanasi-airport-to-banaras-railway-station-distance,3
124,3,8.19,kashi to rameshwaram flight,https://www.kashitaxi.in/en/bus/kashi-rameshwaram-twin-jyotirlinga-yatra,2
124,1,4.13,malaiyo price,https://www.kashitaxi.in/en/malaiyo-varanasi-guide,1
123,18,3.52,scooty rental varanasi,,0
123,7,3.41,scooty on rent in varanasi near me,https://www.kashitaxi.in/en/taxi-near-bhu,1
123,3,1.7,sarnath temple closing time,https://www.kashitaxi.in/en/sarnath-buddhist-temple-guide,2
123,2,3.08,what to wear in kashi vishwanath temple,https://www.kashitaxi.in/en/city/varanasi/sightseeing/kashi-vishwanath-temple-ganga-aarti-spiritual-journey-2025,3
123,1,3.54,morning aarti at dashashwamedh ghat,https://www.kashitaxi.in/en/dashashwamedh-ghat-ganga-aarti-timing,3
123,1,2.68,dashashwamedh ghat varanasi aarti time,https://www.kashitaxi.in/en/dashashwamedh-ghat-ganga-aarti-timing,3
122,1,8.0,kashi to buddh gaya distance,https://www.kashitaxi.in/en/city/varanasi/taxi/varanasi-airport-to-kashi-vishwanath-distance,2
122,1,4.8,places to visit in sarnath varanasi,https://www.kashitaxi.in/en/sarnath-timing-visit-guide,2
122,1,2.51,sarnath distance from my location,https://www.kashitaxi.in/en/varanasi-airport-to-sarnath-distance,2
121,4,3.1,outfit for varanasi trip,https://www.kashitaxi.in/en/varanasi-to-ayodhya-day-trip-tempo-traveller,1
120,12,3.92,scooty rentals in varanasi,https://www.kashitaxi.in/bike-rentals-varanasi,1
120,5,5.83,kashi tamil sangamam 2026 date and time,https://www.kashitaxi.in/en/city/varanasi/events/kashi-tamil-sangamam-2025-varanasi,3
120,2,5.38,mahashivratri 2026 varanasi,https://www.kashitaxi.in/en/varanasi-in-february-2026,1
120,1,9.39,varanasi ki duri,,0
120,1,4.23,places to see in sarnath,https://www.kashitaxi.in/en/sarnath-timing-visit-guide,1
119,2,3.72,outfits for varanasi trip,https://www.kashitaxi.in/en/varanasi-to-ayodhya-day-trip-tempo-traveller,1
118,7,3.42,scooty rent in varanasi near me,https://www.kashitaxi.in/en/taxi-near-bhu,1
118,5,3.17,outfit to wear in banaras,https://www.kashitaxi.in/en/what-to-wear-in-varanasi,1
118,2,2.68,काशी के 84 घाट,https://www.kashitaxi.in/en/84-ghats-boat-tour-varanasi,1
118,2,2.16,weather of varanasi in february,https://www.kashitaxi.in/en/varanasi-in-february-2026,1
118,1,4.53,kashi ganga aarti time today,https://www.kashitaxi.in/en/city/varanasi/sightseeing/kashi-vishwanath-temple-ganga-aarti-spiritual-journey-2025,3
118,1,3.47,kashi vishwanath to airport distance,https://www.kashitaxi.in/en/city/varanasi/taxi/varanasi-airport-to-kashi-vishwanath-distance,4
117,15,3.28,rent a scooty in varanasi,,0
117,1,9.15,vns to ghazipur distance,https://www.kashitaxi.in/en/city/varanasi/taxi/varanasi-airport-to-ghazipur-distance,2
117,1,5.09,varanasi airport to taj ganges,https://www.kashitaxi.in/en/staying-at-taj-ganges-need-taxi,2
117,1,3.16,varanasi me total kitne ghat hai,https://www.kashitaxi.in/en/assi-ghat-aarti-timings-2025,1
116,25,2.16,varanasi scooty rent price,https://www.kashitaxi.in/en/morning-boat-ride-varanasi-price,1
116,10,5.56,electric scooter rent in varanasi,,0
116,5,3.72,two wheeler rent in varanasi,,0
116,1,8.58,बनारस से गोरखपुर कितना किलोमीटर है,,0
115,20,1.83,how much time it takes to visit sarnath,https://www.kashitaxi.in/en/sarnath-timing-visit-guide,2
115,4,4.55,இலவச காசி பயணம் 2026,https://www.kashitaxi.in/en/varanasi-in-february-2026,1
115,2,3.39,ganga aarti at dashashwamedh ghat timing,https://www.kashitaxi.in/en/dashashwamedh-ghat-ganga-aarti-timing,5
114,7,3.59,two wheeler on rent in varanasi,,0
114,4,7.46,boat charges in varanasi,https://www.kashitaxi.in/en/morning-boat-ride-varanasi-price,1
114,3,1.76,is sarnath open today,https://www.kashitaxi.in/en/sarnath-timing-visit-guide,1
114,1,6.56,यहां से विंध्याचल की दूरी,,0
113,17,2.2,kashi tamil sangamam 2026 venue,https://www.kashitaxi.in/en/city/varanasi/events/kashi-tamil-sangamam-2025-varanasi,3
113,1,4.6,ddu to varanasi airport distance,https://www.kashitaxi.in/en/varanasi-airport-to-ddu-junction-distance,3
113,1,3.22,kashi vishwanath bike rental varanasi,https://www.kashitaxi.in/en/city/varanasi/taxi/varanasi-airport-to-kashi-vishwanath-distance,2
112,3,3.06,dress for varanasi trip,https://www.kashitaxi.in/en/varanasi-to-ayodhya-day-trip-tempo-traveller,1
112,2,8.1,best dharamshala in vindhyachal with price,https://www.kashitaxi.in/en/varanasi-to-vindhyachal,1
111,5,3.41,dress to wear in varanasi,https://www.kashitaxi.in/en/what-to-wear-in-varanasi,1
111,3,4.64,varanasi mein suryoday ka samay,https://www.kashitaxi.in/hi/city/varanasi/activities/ganga-aarti-samay-varanasi-2025,1
111,2,2.25,weather in kashi in february,https://www.kashitaxi.in/en/city/varanasi/taxi/varanasi-airport-to-kashi-vishwanath-distance,1
111,1,9.79,varanasi ganga aarti boat booking price,https://www.kashitaxi.in/en/ganga-aarti-boat-booking-price,5
111,1,6.48,varanasi boat ride price per person,https://www.kashitaxi.in/en/morning-boat-ride-varanasi-price,3
110,3,2.46,kasi tamil sangam 2026 timings,https://www.kashitaxi.in/en/assi-ghat-aarti-timings-2025,1
110,2,3.01,how far is varanasi airport from city,https://www.kashitaxi.in/en/city/varanasi/taxi/varanasi-airport-to-kashi-vishwanath-distance,2
110,1,7.47,boating price in varanasi,https://www.kashitaxi.in/en/morning-boat-ride-varanasi-price,1
109,2,5.6,is varanasi safe for tourists,https://www.kashitaxi.in/en/is-varanasi-safe-for-solo-female-travellers,2
109,2,1.94,kashi temperature in february 2026,https://www.kashitaxi.in/en/varanasi-in-february-2026,2
109,1,5.93,mahashivratri banaras,https://www.kashitaxi.in/en/city/varanasi/taxi/varanasi-airport-to-banaras-railway-station-distance,1
109,1,2.84,dashashwamedh ghat aarti time evening,https://www.kashitaxi.in/en/assi-ghat-evening-aarti-time,4
108,1,3.08,ganga aarti timing at varanasi,https://www.kashitaxi.in/en/dashashwamedh-ghat-ganga-aarti-timing,3
107,1,8.11,ayodhya se kashi kitni dur hai,https://www.kashitaxi.in/en/kashi-prayagraj-ayodhya-south,2
106,1,9.46,kashi boat ride price,https://www.kashitaxi.in/en/morning-boat-ride-varanasi-price,3
105,4,1.7,is kashi safe for women,https://www.kashitaxi.in/en/is-varanasi-safe-for-solo-female-travellers,2
105,2,4.31,varanasi airport to ganga ghat distance,https://www.kashitaxi.in/en/assi-ghat-to-airport-distance,3
105,2,2.33,ghat aarti time varanasi,https://www.kashitaxi.in/en/assi-ghat-evening-aarti-time,3
105,1,8.7,outstation taxi service in varanasi,https://www.kashitaxi.in/en/city/varanasi/taxi/taxi-service-varanasi-cantt-station,2
105,1,3.57,dasaswamedh ghat ganga aarti time,https://www.kashitaxi.in/en/dashashwamedh-ghat-ganga-aarti-timing,3
105,1,1.67,clothes to wear in varanasi,https://www.kashitaxi.in/en/what-to-wear-in-varanasi,1
104,4,4.79,scooty rent in varanasi near assi ghat,https://www.kashitaxi.in/en/assi-ghat-aarti-timings-2025,2
103,1,7.77,shiv 2026,https://www.kashitaxi.in/en/varanasi-in-february-2026,1
102,5,2.42,trikon darshan vindhyachal,https://www.kashitaxi.in/hi/trikon-parikrama-vindhyachal-complete-guide,2
102,1,6.15,cost of pind daan in varanasi,https://www.kashitaxi.in/en/kashi-gaya-prayag-pind-daan-tour,2
102,1,5.11,dasaswamedh ghat aarti time morning,https://www.kashitaxi.in/en/assi-ghat-morning-aarti-time,4
102,1,4.63,kashi vishwanath temple to dashashwamedh ghat,https://www.kashitaxi.in/en/city/varanasi/sightseeing/kashi-vishwanath-temple-ganga-aarti-spiritual-journey-2025,3
101,1,7.98,kasi tamil sangam registration 2025,https://www.kashitaxi.in/en/city/varanasi/events/kashi-tamil-sangamam-2025-varanasi,2
101,1,5.08,kashi in april,https://www.kashitaxi.in/en/city/varanasi/taxi/varanasi-airport-to-kashi-vishwanath-distance,1
100,15,3.38,scooty rent banaras,https://www.kashitaxi.in/en/city/varanasi/taxi/varanasi-airport-to-banaras-railway-station-distance,1
100,8,4.27,84 ghat varanasi boating price,https://www.kashitaxi.in/hi/city/varanasi/activities/84-ghat-naav-tour-varanasi,2
100,2,2.26,morning ganga aarti timing in varanasi assi ghat,https://www.kashitaxi.in/en/dashashwamedh-ghat-ganga-aarti-timing,4
100,1,1.83,sarnath to varanasi,https://www.kashitaxi.in/en/sarnath-timing-visit-guide,1
