Top pages,Clicks,Impressions,CTR,Position
https://www.kashitaxi.in/bike-rentals-varanasi,262,4783,5.48%,5.65
https://www.kashitaxi.in/en/sarnath-timing-visit-guide,104,7224,1.44%,2.26
https://www.kashitaxi.in/en/what-to-wear-in-varanasi,100,11286,0.89%,3.69
https://www.kashitaxi.in/en/varanasi-in-december-2025,38,7597,0.5%,5.79
https://www.kashitaxi.in/en/assi-ghat-aarti-timings-2025,35,8415,0.42%,6.37
https://www.kashitaxi.in/hi/varanasi-to-vindhyachal,26,4722,0.55%,6.61
https://www.kashitaxi.in/en/city/varanasi/events/mahindra-kabira-festival-2025-varanasi,21,1212,1.73%,6.26
https://www.kashitaxi.in/en/is-varanasi-safe-for-solo-female-travellers,18,1475,1.22%,2.79
https://www.kashitaxi.in/en/varanasi-in-february-2026,16,1794,0.89%,4.05
https://www.kashitaxi.in/en/varanasi-to-vindhyachal,15,3194,0.47%,7.46
https://www.kashitaxi.in/en/maha-shivaratri-2026-varanasi-guide,14,1021,1.37%,7.81
https://www.kashitaxi.in/en/services/where-to-stay-in-vindhyachal,14,696,2.01%,5.64
https://www.kashitaxi.in/,14,488,2.87%,20.47
https://www.kashitaxi.in/hi/assi-ghat-aarti-timings-2025,13,5087,0.26%,5.27
https://www.kashitaxi.in/en/makar-sankranti-2026-varanasi-kite-festival-guide,13,666,1.95%,6.23
https://www.kashitaxi.in/en/manikarnika-ghat-sacred-cremation-grounds,11,1460,0.75%,5.78
https://www.kashitaxi.in/hi/where-to-stay-in-vindhyachal,11,586,1.88%,7.2
https://www.kashitaxi.in/en/city/varanasi/taxi/varanasi-airport-to-kashi-vishwanath-distance,10,2859,0.35%,6.28
https://www.kashitaxi.in/en/trikon-parikrama-vindhyachal-complete-guide,10,1785,0.56%,1.73
https://www.kashitaxi.in/hi/what-to-wear-in-varanasi,9,954,0.94%,6.08
https://www.kashitaxi.in/en/safety-and-security-in-varanasi-guide-for-solo-travellar,8,957,0.84%,5.46
https://www.kashitaxi.in/en/city/varanasi/activities/ganga-aarti-timing-varanasi-2025,8,956,0.84%,4.61
https://www.kashitaxi.in/en/varanasi-to-bodhgaya-taxi-cost,7,1638,0.43%,5.6
https://www.kashitaxi.in/en/city/varanasi/travel-guide/varanasi-in-january-2025,7,1162,0.6%,5.96
https://www.kashitaxi.in/en/morning-boat-ride-varanasi-price,7,483,1.45%,5.89
https://www.kashitaxi.in/en/varanasi-sightseeing-complete-guide,6,2249,0.27%,9.45
https://www.kashitaxi.in/hi/guide-to-10-most-important-ghats-of-varanasi,6,1856,0.32%,8.3
https://www.kashitaxi.in/en/sarnath-complete-guide,6,1482,0.4%,5.85
https://www.kashitaxi.in/en/varanasi-transport-price-guide-2025,6,737,0.81%,5.29
https://www.kashitaxi.in/en/dashashwamedh-ghat-ganga-aarti-timing,5,2856,0.18%,2.68
https://www.kashitaxi.in/en/assi-ghat-to-airport-distance,5,1138,0.44%,5.35
https://www.kashitaxi.in/en/kashi-vishwanath-shivaratri-crowd-survival-guide,5,579,0.86%,6.36
https://www.kashitaxi.in/hi/varanasi-in-december-2025,5,574,0.87%,9.37
https://www.kashitaxi.in/en/city/varanasi/events/kashi-tamil-sangamam-2025-varanasi,5,566,0.88%,6.69
https://www.kashitaxi.in/en/sarnath-attractions-guide,4,724,0.55%,5.76
https://www.kashitaxi.in/en/varanasi-to-ayodhya-tempo-traveller,4,219,1.83%,6.61
https://www.kashitaxi.in/en/city/varanasi/activities/84-ghats-boat-tour-varanasi,4,198,2.02%,6.94
http://www.kashitaxi.in/,4,195,2.05%,20.64
https://www.kashitaxi.in/en/varanasi-to-prayagraj,4,166,2.41%,14.58
https://www.kashitaxi.in/en/kashi-gaya-prayag-pind-daan-tour,4,113,3.54%,5.34
https://www.kashitaxi.in/hi/varanasi-to-ayodhya,3,828,0.36%,8.8
https://www.kashitaxi.in/en/sunrise-boat-ride-ganges,3,452,0.66%,7.27
https://www.kashitaxi.in/en/city/varanasi/taxi/airport-taxi-service-varanasi,3,101,2.97%,22.8
https://www.kashitaxi.in/en/varanasi-instrument-market-guide,3,7,42.86%,13.29
https://www.kashitaxi.in/en/city/varanasi/taxi/varanasi-airport-to-banaras-railway-station-distance,2,1459,0.14%,4.79
https://www.kashitaxi.in/hi/dashashwamedh-ghat-ganga-aarti-timing,2,1349,0.15%,8.66
https://www.kashitaxi.in/en/best-time-to-visit-varanasi,2,782,0.26%,8.22
https://www.kashitaxi.in/en/city/varanasi/taxi/varanasi-airport-to-varanasi-junction-distance,2,628,0.32%,7.52
https://www.kashitaxi.in/en/city/varanasi/events/makar-sankranti-ganga-snan-varanasi-2026,2,530,0.38%,9.21
https://www.kashitaxi.in/en/city/varanasi/taxi/varanasi-airport-to-assi-ghat-distance,2,387,0.52%,5.7
https://www.kashitaxi.in/en/varanasi-day-tour-cab-charges,2,385,0.52%,5.68
https://www.kashitaxi.in/hi/varanasi-sunrise-boat-ride-timings,2,379,0.53%,9.16
https://www.kashitaxi.in/en/sarnath-buddhist-temple-guide,2,270,0.74%,6.2
https://www.kashitaxi.in/en/city/varanasi/sightseeing/dashashwamedh-ghat-boat-ride-ganga-aarti-guide,2,215,0.93%,18.55
https://www.kashitaxi.in/hi/travel-from-varanasi-to-vindhyachal,2,201,1%,8
https://www.kashitaxi.in/hi/manikarnika-ghat-sacred-cremation-grounds,2,168,1.19%,9.18
https://www.kashitaxi.in/en/varanasi-to-gaya-tempo-traveller,2,145,1.38%,2.86
https://www.kashitaxi.in/hi/varanasi-to-kushinagar-tempo-traveller,2,125,1.6%,6.7
https://www.kashitaxi.in/en/city/varanasi/taxi/taxi-service-varanasi-cantt-station,2,122,1.64%,6.35
https://www.kashitaxi.in/en/12-seater-tempo-traveller-varanasi,2,52,3.85%,7.38
https://www.kashitaxi.in/en/varanasi-to-vindhyachal-itinerary,2,35,5.71%,5.14
https://www.kashitaxi.in/en,2,24,8.33%,7.67
https://www.kashitaxi.in/en/taxi-service-varanasi-cantt-station,2,8,25%,5.25
https://www.kashitaxi.in/hi/varanasi-sunrise-time,1,1637,0.06%,8.82
https://www.kashitaxi.in/hi/varanasi-in-february-2026,1,691,0.14%,6.68
https://www.kashitaxi.in/en/tourist-spots-varanasi,1,438,0.23%,9.15
https://www.kashitaxi.in/hi/trikon-parikrama-vindhyachal-complete-guide,1,311,0.32%,4.42
https://www.kashitaxi.in/en/ganga-mahotsav-2025-classical-festival-varanasi,1,309,0.32%,8.49
https://www.kashitaxi.in/hi/tempo-traveller-rates-varanasi,1,277,0.36%,8
https://www.kashitaxi.in/en/varanasi-in-november-2025-insider-guide,1,232,0.43%,4.43
https://www.kashitaxi.in/en/city/varanasi/taxi/varanasi-airport-to-sarnath-distance,1,231,0.43%,6.02
https://www.kashitaxi.in/en/city/varanasi/events/banaras-lit-fest-2026-venue-guide-hotels-logistics,1,190,0.53%,7.06
https://www.kashitaxi.in/en/ashoka-pillar-sarnath-guide,1,190,0.53%,10.43
https://www.kashitaxi.in/en/city/varanasi/taxi/manikarnika-ghat-cremation-guide,1,155,0.65%,5.45
https://www.kashitaxi.in/en/varanasi-to-prayagraj-tempo-traveller,1,152,0.66%,8.13
https://www.kashitaxi.in/en/ganga-aarti-boat-booking-price,1,142,0.7%,10.23
https://www.kashitaxi.in/en/city/varanasi/taxi/varanasi-airport-to-mirzapur-vindhyachal-distance,1,127,0.79%,10.37
https://www.kashitaxi.in/hi/ganga-mahotsav-2025-classical-festival-varanasi,1,121,0.83%,7.79
https://www.kashitaxi.in/en/luxury-maharaja-tempo-traveller-varanasi,1,119,0.84%,6.15
https://www.kashitaxi.in/en/city/varanasi/tour-packages/ayodhya-varanasi-tour,1,112,0.89%,41.12
https://www.kashitaxi.in/en/navratri-in-vindhyachal-practical-guide,1,101,0.99%,5.99
https://www.kashitaxi.in/hi/evening-boat-ride-varanasi-ganga-aarti,1,97,1.03%,7.36
https://www.kashitaxi.in/en/varanasi-to-lucknow-tempo-traveller,1,96,1.04%,3.2
https://www.kashitaxi.in/en/city/varanasi/taxi/varanasi-airport-to-raj-ghat-distance,1,91,1.1%,7.05
https://www.kashitaxi.in/en/shiv-baraat-viewing-guide-varanasi,1,79,1.27%,5.06
https://www.kashitaxi.in/en/city/varanasi/taxi/varanasi-airport-to-gorakhpur-distance,1,77,1.3%,8.17
https://www.kashitaxi.in/en/jageshwar-mahadev-varanasi,1,69,1.45%,7.1
https://www.kashitaxi.in/en/guide-to-10-most-important-ghats-of-varanasi,1,66,1.52%,11.06
https://www.kashitaxi.in/en/varanasi-to-ayodhya-12-seater-tempo-traveller,1,59,1.69%,5.41
https://www.kashitaxi.in/hi,1,56,1.79%,9.29
https://www.kashitaxi.in/en/varanasi-to-ayodhya-day-trip-tempo-traveller,1,53,1.89%,8.62
https://www.kashitaxi.in/hi/scindia-ghat-submerged-temple,1,53,1.89%,8.72
https://www.kashitaxi.in/hi/varanasi-to-ram-mandir-tempo-traveller,1,43,2.33%,7
https://www.kashitaxi.in/en/varanasi-to-naimisharanya-tempo-traveller,1,34,2.94%,10.35
https://www.kashitaxi.in/en/varanasi-to-bodhgaya-tempo-traveller,1,32,3.12%,9.41
https://www.kashitaxi.in/pink-taxi-varanasi,1,31,3.23%,5.65
https://www.kashitaxi.in/en/varanasi-airport-to-varanasi-junction-distance,1,26,3.85%,7
https://www.kashitaxi.in/en/city/kathmandu/taxi/varanasi-to-kathmandu-taxi,1,25,4%,7.68
https://www.kashitaxi.in/hi/varanasi-day-tour-cab-charges,1,16,6.25%,6.56
https://www.kashitaxi.in/hi/kashi-gaya-prayag-pind-daan-tour,1,13,7.69%,7.69
https://www.kashitaxi.in/en/kashi-tamil-sangamam-2025-varanasi,1,5,20%,10
https://www.kashitaxi.in/en/varanasi-to-gaya-taxi,1,4,25%,10
https://www.kashitaxi.in/rates/outstation-taxi-varanasi,1,4,25%,24.25
https://www.kashitaxi.in/en/city/varanasi/sightseeing/varanasi-local-sightseeing-package,1,3,33.33%,7
https://www.kashitaxi.in/en/varanasi-to-ayodhya,0,567,0%,28.34
https://www.kashitaxi.in/en/varanasi-airport-taxi-price-guide,0,558,0%,11.43
https://www.kashitaxi.in/en/navratri-pilgrimage-vindhyachal-from-varanasi-guide,0,354,0%,8.56
https://www.kashitaxi.in/en/services/varanasi-full-day-city-tour-winter-2025,0,328,0%,9.46
https://www.kashitaxi.in/hi/varanasi-to-prayagraj,0,316,0%,9.41
https://www.kashitaxi.in/en/city/varanasi/taxi/varanasi-airport-to-dashashwamedh-distance,0,310,0%,4.68
https://www.kashitaxi.in/en/city/varanasi/events/siberian-birds-winter-events-varanasi,0,292,0%,7.23
https://www.kashitaxi.in/en/varanasi-kite-wars-tourist-guide-makar-sankranti-2026,0,290,0%,10.49
https://www.kashitaxi.in/en/varanasi-in-monsoon-july-september-2025,0,285,0%,3.89
https://www.kashitaxi.in/en/city/varanasi/taxi/varanasi-airport-to-manikarnika-distance,0,268,0%,7.54
https://www.kashitaxi.in/en/city/varanasi/taxi/varanasi-airport-to-varanasi-city-station-distance,0,262,0%,6.68
https://www.kashitaxi.in/en/city/varanasi/taxi/varanasi-airport-to-namo-ghat-distance,0,256,0%,7.46
https://www.kashitaxi.in/hi/varanasi-in-monsoon-july-september-2025,0,245,0%,8.47
https://www.kashitaxi.in/en/assi-ghat-timings,0,202,0%,15.33
https://www.kashitaxi.in/en/bus/kashi-rameshwaram-twin-jyotirlinga-yatra,0,185,0%,10.17
https://www.kashitaxi.in/hi/city/varanasi/activities/ganga-aarti-samay-varanasi-2025,0,180,0%,5.88
https://www.kashitaxi.in/hi/ganga-aarti-boat-booking-price,0,176,0%,3.42
https://www.kashitaxi.in/hi/varanasi-to-bodhgaya-taxi-cost,0,174,0%,7.25
https://www.kashitaxi.in/en/city/varanasi/taxi/kedar-harishchandra-ghat-taxi-service,0,169,0%,6.66
https://www.kashitaxi.in/en/city/varanasi/taxi/varanasi-airport-to-ramnagar-fort-distance,0,164,0%,7.49
https://www.kashitaxi.in/en/dev-deepawali-boat-ride-pricing-guide-2025,0,160,0%,6.24
https://www.kashitaxi.in/en/city/varanasi/sightseeing/kashi-vishwanath-temple-ganga-aarti-spiritual-journey-2025,0,151,0%,9.04
https://www.kashitaxi.in/en/city/prayagraj/events/magh-mela-2026-travel-guide-varanasi,0,146,0%,8.29
https://www.kashitaxi.in/en/tempo-traveller-varanasi,0,144,0%,27.15
https://www.kashitaxi.in/en/varanasi-airport-taxi-guide,0,140,0%,10.65
https://www.kashitaxi.in/en/dev-deepawali-crowd-survival-guide-varanasi,0,139,0%,6.6
https://www.kashitaxi.in/hi/varanasi-to-naimisharanya-tempo-traveller,0,139,0%,7.1
https://www.kashitaxi.in/en/bharat-milap-nati-imli-oct-3,0,126,0%,6.49
https://www.kashitaxi.in/en/varanasi-travel-agent,0,126,0%,8.42
https://www.kashitaxi.in/en/ultimate-guide-ramlila-dussehra-varanasi-2025,0,122,0%,9.34
https://www.kashitaxi.in/en/services/varanasi-ayodhya-prayagraj-pilgrimage-taxi,0,119,0%,6.59
https://www.kashitaxi.in/hi/dashashwamedh-ghat-ganga-aarti,0,111,0%,8.59
https://www.kashitaxi.in/en/city/varanasi/taxi/taxi-service-in-sigra-varanasi,0,110,0%,7.58
https://www.kashitaxi.in/banaras-tour-package,0,102,0%,11.75
https://www.kashitaxi.in/en/city/varanasi/taxi/varanasi-to-sarnath-taxi,0,100,0%,8.47
https://www.kashitaxi.in/hi/varanasi-to-gaya-bodh-gaya-tour-package,0,95,0%,9.06
https://www.kashitaxi.in/en/nag-nathaiya-festival-varanasi-2025,0,92,0%,5.85
https://www.kashitaxi.in/en/city/varanasi/taxi/varanasi-airport-transfer-guide,0,90,0%,8.8
https://www.kashitaxi.in/en/city/varanasi/taxi/varanasi-airport-to-ballia-distance,0,88,0%,6.1
https://www.kashitaxi.in/en/dev-deepawali-best-viewing-spots-varanasi,0,84,0%,4.3
https://www.kashitaxi.in/en/malaiyo-varanasi-guide,0,81,0%,4.81
https://www.kashitaxi.in/en/varanasi-to-nepal-taxi,0,81,0%,10
https://www.kashitaxi.in/hi/morning-boat-ride-varanasi-price,0,78,0%,6.35
https://www.kashitaxi.in/hi/city/varanasi/taxi/varanasi-airport-to-kashi-vishwanath-distance,0,78,0%,6.71
https://www.kashitaxi.in/en/city/varanasi/taxi/varanasi-airport-to-mau-distance,0,77,0%,6.39
https://www.kashitaxi.in/en/city/varanasi/taxi/varanasi-airport-to-jaunpur-distance,0,77,0%,6.47
https://www.kashitaxi.in/en/assi-ghat-morning-aarti-time,0,77,0%,24.83
https://www.kashitaxi.in/hi/city/varanasi/taxi/varanasi-airport-to-sarnath-distance,0,71,0%,8.7
https://www.kashitaxi.in/en/tempo-traveller-rates-varanasi,0,68,0%,7.85
https://www.kashitaxi.in/hi/varanasi-to-chitrakoot-tempo-traveller,0,66,0%,9.41
https://www.kashitaxi.in/en/lucknow-to-varanasi-taxi-fare,0,65,0%,14.05
https://www.kashitaxi.in/en/varanasi-in-october-2025,0,63,0%,5.75
https://www.kashitaxi.in/en/varanasi-sunrise-boat-ride-timings,0,63,0%,5.98
https://www.kashitaxi.in/en/ram-rajya-finale-ramnagar-ramlila-oct-7,0,60,0%,11.37
https://www.kashitaxi.in/en/city/varanasi/taxi/shivala-ghat-taxi-service,0,58,0%,8.29
https://www.kashitaxi.in/en/services/varanasi-airport-taxi-winter-2025,0,58,0%,9.14
https://www.kashitaxi.in/en/kashi-darshan-tempo-traveller,0,55,0%,7.22
https://www.kashitaxi.in/en/city/varanasi/taxi/varanasi-airport-to-ghazipur-distance,0,53,0%,10.09
https://www.kashitaxi.in/hi/varanasi-ke-ghaton-ke-liye-guide,0,51,0%,6.67
https://www.kashitaxi.in/hi/varanasi-classical-music-heritage,0,51,0%,8.35
https://www.kashitaxi.in/hi/city/varanasi/taxi/varanasi-airport-to-gorakhpur-distance,0,51,0%,8.45
https://www.kashitaxi.in/en/dashashwamedh-ghat-boat-ride-ganga-aarti-guide,0,50,0%,7.22
https://www.kashitaxi.in/en/evening-boat-ride-varanasi-ganga-aarti,0,50,0%,7.56
https://www.kashitaxi.in/hi/dev-deepawali-boat-ride-pricing-guide-2025,0,50,0%,8.16
https://www.kashitaxi.in/en/travel-from-varanasi-to-vindhyachal,0,50,0%,13.24
https://www.kashitaxi.in/en/city/varanasi/taxi/varanasi-airport-to-scindia-ghat-distance,0,49,0%,8.51
https://www.kashitaxi.in/kasi-tour-package,0,49,0%,8.55
https://www.kashitaxi.in/en/dev-deepawali-2025-varanasi-ultimate-guide,0,47,0%,5.77
https://www.kashitaxi.in/hi/varanasi-to-ayodhya-day-trip-tempo-traveller,0,47,0%,7.79
https://www.kashitaxi.in/en/kasi-tour-package,0,47,0%,8.15
https://www.kashitaxi.in/en/services,0,47,0%,8.32
https://www.kashitaxi.in/en/varanasi-airport-tempo-traveller,0,44,0%,6.57
https://www.kashitaxi.in/hi/varanasi-to-prayagraj-tempo-traveller,0,44,0%,9.2
https://www.kashitaxi.in/hi/city/varanasi/sightseeing/kashi-vishwanath-mandir-ganga-aarti-yatra-2025,0,40,0%,10.88
https://www.kashitaxi.in/hi/city/varanasi/activities/84-ghat-naav-tour-varanasi,0,38,0%,7.03
https://www.kashitaxi.in/hi/city/varanasi/taxi/manikarnika-ghat-cremation-guide,0,38,0%,7.39
https://www.kashitaxi.in/hi/dashashwamedh-ghat-detailed-guide,0,38,0%,10.11
https://www.kashitaxi.in/en/city/ayodhya/tour-packages,0,37,0%,77.3
https://www.kashitaxi.in/en/shivaratri-cultural-deep-dive-varanasi,0,36,0%,6.67
https://www.kashitaxi.in/en/varanasi-airport-to-ddu-junction-distance,0,36,0%,7.78
https://www.kashitaxi.in/en/city/varanasi/taxi/varanasi-airport-to-deoria-distance,0,36,0%,8.14
https://www.kashitaxi.in/en/varanasi-airport-to-namo-ghat-distance,0,35,0%,7.51
https://www.kashitaxi.in/hi/navratri-pilgrimage-vindhyachal-from-varanasi-guide,0,35,0%,13.23
https://www.kashitaxi.in/en/contact,0,35,0%,15.51
https://www.kashitaxi.in/en/varanasi-to-chitrakoot-tempo-traveller,0,34,0%,4.74
https://www.kashitaxi.in/en/force-urbania-hire-varanasi,0,34,0%,6.71
https://www.kashitaxi.in/en/varanasi-to-sarnath-tempo-traveller,0,32,0%,4.34
https://www.kashitaxi.in/en/dussehra-ravana-dahan-varanasi-oct-2,0,32,0%,6.34
https://www.kashitaxi.in/en/siberian-birds-winter-events-varanasi,0,32,0%,7.06
https://www.kashitaxi.in/en/city/varanasi/taxi/airport-to-taj-gateway-varanasi,0,32,0%,7.25
https://www.kashitaxi.in/en/services/varanasi-safest-taxi-for-women,0,31,0%,3.06
https://www.kashitaxi.in/hi/city/varanasi/taxi/varanasi-airport-to-dashashwamedh-distance,0,31,0%,5.23
https://www.kashitaxi.in/en/varanasi-classical-music-heritage,0,31,0%,8.19
https://www.kashitaxi.in/en/packages,0,31,0%,9.81
https://www.kashitaxi.in/hi/varanasi-to-vindhyachal-itinerary,0,31,0%,10.77
https://www.kashitaxi.in/hi/varanasi-to-sarnath-tempo-traveller,0,31,0%,14.19
https://www.kashitaxi.in/en/tempo-traveller-vs-mini-bus-varanasi,0,30,0%,8.43
https://www.kashitaxi.in/en/manikarnika-ghat-cremation-guide,0,29,0%,5.28
https://www.kashitaxi.in/en/17-seater-tempo-traveller-varanasi,0,29,0%,11.52
https://www.kashitaxi.in/en/city/varanasi/taxi/varanasi-airport-to-prayagraj-distance,0,28,0%,6.79
https://www.kashitaxi.in/en/9-vs-12-vs-17-seater-tempo-traveller-varanasi,0,28,0%,8.79
https://www.kashitaxi.in/en/city/varanasi/taxi/staying-at-taj-ganges-need-taxi,0,26,0%,7.92
https://www.kashitaxi.in/hi/varanasi-in-november-2025-insider-guide,0,26,0%,8.5
https://www.kashitaxi.in/en/packages/varanasi-tour-package,0,26,0%,9.88
https://www.kashitaxi.in/en/bodhgaya-rajgir-nalanda-tempo-traveller-tour,0,26,0%,13.27
https://www.kashitaxi.in/hi/city/varanasi/taxi/varanasi-airport-to-manikarnika-distance,0,25,0%,6.88
https://www.kashitaxi.in/en/buddhist-circuit-tour-tempo-traveller-varanasi,0,25,0%,15.04
https://www.kashitaxi.in/en/city/nepal/taxi/varanasi-to-nepal-taxi,0,24,0%,7.54
https://www.kashitaxi.in/en/city/varanasi/taxi/varanasi-airport-to-tulsi-ghat-distance,0,24,0%,10.17
https://www.kashitaxi.in/hi/city/varanasi/sightseeing/dashashwamedh-ghat-naav-ganga-aarti-guide,0,23,0%,7.91
https://www.kashitaxi.in/en/varanasi-airport-to-prayagraj-distance,0,22,0%,6.36
https://www.kashitaxi.in/en/varanasi-to-kathmandu-taxi,0,22,0%,7.95
https://www.kashitaxi.in/en/ramnagar-ramlila-moving-stages-guide,0,21,0%,5.24
https://www.kashitaxi.in/hi/outstation-cabs-from-varanasi,0,21,0%,11.33
https://www.kashitaxi.in/hi/tempo-traveller-vs-mini-bus-varanasi,0,21,0%,11.43
https://www.kashitaxi.in/hi/city/varanasi/taxi/varanasi-airport-to-namo-ghat-distance,0,20,0%,6.15
https://www.kashitaxi.in/en/varanasi-airport-to-varanasi-city-station-distance,0,20,0%,6.2
https://www.kashitaxi.in/hi/city/varanasi/taxi/varanasi-to-sarnath-taxi,0,20,0%,9.1
https://www.kashitaxi.in/hi/navratri-in-vindhyachal-practical-guide,0,19,0%,6.95
https://www.kashitaxi.in/hi/varanasi-to-lucknow-tempo-traveller,0,19,0%,10.05
https://www.kashitaxi.in/en/makar-sankranti-ganga-snan-varanasi-2026,0,18,0%,2
https://www.kashitaxi.in/en/city/varanasi/events/makar-sankranti-2026-kite-festival-taxi-booking,0,18,0%,2.5
https://www.kashitaxi.in/en/varanasi-airport-to-assi-ghat-distance,0,18,0%,5.56
https://www.kashitaxi.in/en/city/varanasi/taxi/varanasi-airport-to-ddu-junction-distance,0,18,0%,6
https://www.kashitaxi.in/en/city/varanasi/events/kartik-purnima-ganga-snan-varanasi-2025,0,17,0%,4.29
https://www.kashitaxi.in/en/84-ghats-boat-tour-varanasi,0,17,0%,4.88
https://www.kashitaxi.in/hi/varanasi-to-triveni-sangam-tempo-traveller,0,17,0%,5.65
https://www.kashitaxi.in/en/city/varanasi/taxi/varanasi-airport-to-mughalsarai-distance,0,17,0%,7.18
https://www.kashitaxi.in/en/services/varanasi-airport-to-city-cab,0,17,0%,7.18
https://www.kashitaxi.in/en/city/varanasi/taxi/taj-ganges-varanasi-taxi-service,0,17,0%,8.06
https://www.kashitaxi.in/en/city/prayagraj/events/varanasi-to-prayagraj-magh-mela-taxi-booking,0,17,0%,8.76
https://www.kashitaxi.in/en/varanasi-airport-to-patna-distance,0,17,0%,11.12
https://www.kashitaxi.in/en/outstation-cabs-from-varanasi,0,17,0%,14.71
https://www.kashitaxi.in/en/varanasi-city-tour-cab,0,16,0%,2.38
https://www.kashitaxi.in/en/varanasi-airport-to-ramnagar-fort-distance,0,16,0%,7.94
https://www.kashitaxi.in/hi/varanasi-to-vindhyachal-tempo-traveller,0,16,0%,9
https://www.kashitaxi.in/hi/bus/kashi-prayagraj-ayodhya-south,0,16,0%,10
https://www.kashitaxi.in/en/varanasi-airport-to-mughalsarai-distance,0,16,0%,13.88
https://www.kashitaxi.in/images/Urbania-Inside-Potrait.jpeg,0,16,0%,18.75
https://www.kashitaxi.in/en/tempo-traveller-vs-multiple-cars-varanasi,0,15,0%,6.53
https://www.kashitaxi.in/hi/city/varanasi/taxi/varanasi-airport-to-mirzapur-vindhyachal-distance,0,15,0%,9.93
https://www.kashitaxi.in/en/varanasi-to-allahabad-tempo-traveller,0,15,0%,12.6
https://www.kashitaxi.in/en/staying-at-taj-ganges-need-taxi,0,15,0%,19.33
https://www.kashitaxi.in/en/ganga-aarti-timing-varanasi-2025,0,14,0%,4.36
https://www.kashitaxi.in/en/city/varanasi/events/mauni-amavasya-ganga-snan-varanasi-2026,0,14,0%,7.43
https://www.kashitaxi.in/hi/city/varanasi/taxi/kedar-harishchandra-ghat-taxi-service,0,14,0%,7.79
https://www.kashitaxi.in/en/banaras-tour-package,0,14,0%,8.57
https://www.kashitaxi.in/booking,0,14,0%,10.43
https://www.kashitaxi.in/en/city/varanasi/tour-packages/ayodhya-varanasi-3-day-tour,0,14,0%,28.64
https://www.kashitaxi.in/en/varanasi-airport-to-banaras-railway-station-distance,0,13,0%,5.23
https://www.kashitaxi.in/en/varanasi-airport-to-raj-ghat-distance,0,13,0%,5.92
https://www.kashitaxi.in/en/city/prayagraj/taxi/varanasi-to-prayagraj-taxi,0,13,0%,8.23
https://www.kashitaxi.in/en/bus/kashi-prayagraj-ayodhya-south,0,13,0%,9
https://www.kashitaxi.in/hi/city/varanasi/taxi/varanasi-airport-to-prayagraj-distance,0,13,0%,10.08
https://www.kashitaxi.in/en/banaras-travel-agency,0,13,0%,11.31
https://www.kashitaxi.in/en/city/varanasi/events/banaras-lit-fest-2026-taxi-booking,0,13,0%,12.69
https://www.kashitaxi.in/images/varanasi-assi-ghat-sunrise.jpeg,0,13,0%,18
https://www.kashitaxi.in/en/city/varanasi/tour-packages/varanasi-1n2d-tour,0,13,0%,21
https://www.kashitaxi.in/en/city/varanasi/taxi,0,13,0%,28.85
https://www.kashitaxi.in/en/varanasi-to-vindhyachal-tempo-traveller,0,12,0%,4.92
https://www.kashitaxi.in/en/varanasi-airport-to-manikarnika-distance,0,12,0%,6.25
https://www.kashitaxi.in/en/city/varanasi/tour-packages/varanasi-2-day-tour,0,12,0%,10
https://www.kashitaxi.in/en/varanasi-winter-food-itinerary,0,12,0%,13.92
http://kashitaxi.in/,0,11,0%,4.64
https://www.kashitaxi.in/en/airport-taxi-service-varanasi,0,11,0%,5.73
https://www.kashitaxi.in/images/solo-femal-traveller-varanasi.jpeg,0,11,0%,6
https://www.kashitaxi.in/en/varanasi-airport-transfer-guide,0,11,0%,6.91
https://www.kashitaxi.in/en/taxi-service-in-sigra-varanasi,0,11,0%,7.09
https://www.kashitaxi.in/banaras-travel-agency,0,11,0%,12.73
https://www.kashitaxi.in/images/ganga-aarti-ceremony-2025.jpg,0,11,0%,15.45
https://www.kashitaxi.in/en/tour-package-from-varanasi,0,11,0%,16.82
https://www.kashitaxi.in/en/airport-taxi-varanasi,0,10,0%,2.3
https://www.kashitaxi.in/en/varanasi-to-chitrakoot-taxi,0,10,0%,4.1
https://www.kashitaxi.in/en/varanasi-in-january-2025,0,10,0%,4.3
https://www.kashitaxi.in/en/varanasi-airport-to-ghazipur-distance,0,10,0%,7.5
https://www.kashitaxi.in/images/female-traveller-sadhu.jpeg,0,10,0%,7.8
https://www.kashitaxi.in/index.backup,0,10,0%,8.5
https://www.kashitaxi.in/en/varanasi-tour-package,0,10,0%,8.9
https://www.kashitaxi.in/hi/city/varanasi/taxi/varanasi-airport-transfer-guide,0,10,0%,9.2
https://www.kashitaxi.in/en/guide-to-ghats-of-varanasi,0,10,0%,10.2
https://www.kashitaxi.in/hi/services/varanasi-safest-taxi-for-women,0,10,0%,10.7
https://www.kashitaxi.in/en/varanasi-to-prayagraj-taxi,0,10,0%,15.1
https://www.kashitaxi.in/en/varanasi-to-sarnath-taxi,0,10,0%,18.1
https://www.kashitaxi.in/en/varanasi-to-bodhgaya-taxi,0,10,0%,24.1
https://www.kashitaxi.in/en/sunrise-yoga-varanasi-2025,0,10,0%,25.5
https://www.kashitaxi.in/en/city/varanasi/taxi/24-7-taxi-varanasi,0,9,0%,4.89
https://www.kashitaxi.in/en/city/varanasi/taxi/varanasi-airport-to-kedar-ghat-distance,0,9,0%,6.56
https://www.kashitaxi.in/hi/varanasi-in-october-2025,0,9,0%,7.22
https://www.kashitaxi.in/en/varanasi-airport-to-jalalpur-distance,0,9,0%,7.67
https://www.kashitaxi.in/hi/varanasi-to-ayodhya-tempo-traveller,0,9,0%,7.67
https://www.kashitaxi.in/en/varanasi-to-agra-taxi,0,9,0%,10.33
https://www.kashitaxi.in/hi/city/varanasi/taxi/varanasi-airport-to-assi-ghat-distance,0,8,0%,4.5
https://www.kashitaxi.in/en/varanasi-airport-to-sarnath-distance,0,8,0%,5.12
https://www.kashitaxi.in/hi/dev-deepawali-best-viewing-spots-varanasi,0,8,0%,5.62
https://www.kashitaxi.in/en/mauni-amavasya-ganga-snan-varanasi-2026,0,8,0%,5.75
https://www.kashitaxi.in/en/kedar-harishchandra-ghat-taxi-service,0,8,0%,7.12
https://www.kashitaxi.in/en/about,0,8,0%,7.38
https://www.kashitaxi.in/en/city/delhi/taxi/varanasi-to-delhi-taxi,0,8,0%,7.88
https://www.kashitaxi.in/en/city/lucknow/taxi/varanasi-to-lucknow-taxi,0,8,0%,8.12
https://www.kashitaxi.in/en/varanasi-airport-to-kedar-ghat-distance,0,8,0%,8.12
https://www.kashitaxi.in/images/varanasi-ghats-overview.jpeg,0,8,0%,19
https://www.kashitaxi.in/en/varanasi-airport-to-mau-distance,0,8,0%,29.88
https://www.kashitaxi.in/en/city/ayodhya/tour-packages/ayodhya-1n2d-tour,0,8,0%,37.62
https://www.kashitaxi.in/en/README,0,8,0%,45.62
https://www.kashitaxi.in/hi/varanasi-to-allahabad-tempo-traveller,0,7,0%,5
https://www.kashitaxi.in/hi/dev-deepawali-2025-varanasi-ultimate-guide,0,7,0%,5.29
https://www.kashitaxi.in/hi/varanasi-to-ayodhya-12-seater-tempo-traveller,0,7,0%,5.43
https://www.kashitaxi.in/en/city/varanasi/taxi/taxi-near-bhu,0,7,0%,5.57
https://www.kashitaxi.in/en/varanasi-local-sightseeing-package,0,7,0%,8.14
https://www.kashitaxi.in/en/varanasi-airport-to-dashashwamedh-distance,0,7,0%,9
https://www.kashitaxi.in/en/city/ayodhya/taxi/varanasi-to-ayodhya-taxi,0,7,0%,12.14
https://www.kashitaxi.in/en/tempo-traveller-wedding-varanasi,0,6,0%,5.67
https://www.kashitaxi.in/en/city/prayagraj/events/safe-taxi-magh-mela-seniors-families,0,6,0%,7.83
https://www.kashitaxi.in/en/varanasi-to-kushinagar-tempo-traveller,0,6,0%,8.5
https://www.kashitaxi.in/hi/kashi-vishwanath-shivaratri-crowd-survival-guide,0,6,0%,8.83
https://www.kashitaxi.in/en/varanasi-1n2d-tour,0,6,0%,13.33
https://www.kashitaxi.in/en/city/varanasi/tour-packages/varanasi-3-day-tour,0,6,0%,17.67
https://www.kashitaxi.in/en/varanasi-2-day-tour,0,6,0%,18.33
https://www.kashitaxi.in/en/varanasi-to-allahabad-taxi,0,6,0%,19.33
https://www.kashitaxi.in/en/kashi-driver-partners,0,6,0%,31.67
https://www.kashitaxi.in/en/varanasi-to-gaya-taxi-service,0,6,0%,42
https://www.kashitaxi.in/en/taxi-near-bhu,0,6,0%,44.83
https://www.kashitaxi.in/en/taxi-service-varanasi,0,6,0%,47.67
https://www.kashitaxi.in/en/magh-mela-2026-travel-guide-varanasi,0,5,0%,2.8
https://www.kashitaxi.in/en/varanasi-airport-to-panchganga-ghat-distance,0,5,0%,3
https://www.kashitaxi.in/en/services/best-experience-dev-deepawali-ghat-boat-guide,0,5,0%,4.4
https://www.kashitaxi.in/en/tempo-traveller-group-booking-dussehra,0,5,0%,6.2
https://www.kashitaxi.in/en/varanasi-airport-to-ballia-distance,0,5,0%,6.8
https://www.kashitaxi.in/en/city/varanasi/taxi/airport-taxi-varanasi,0,5,0%,7.4
https://www.kashitaxi.in/en/city/agra/taxi/varanasi-to-agra-taxi,0,5,0%,8
https://www.kashitaxi.in/hi/bus/kashi-rameshwaram-twin-jyotirlinga-yatra,0,5,0%,8
https://www.kashitaxi.in/en/varanasi-to-khajuraho-taxi,0,5,0%,8.8
https://www.kashitaxi.in/hi/tempo-traveller-varanasi,0,5,0%,9.4
https://www.kashitaxi.in/en/varanasi-to-ayodhya-taxi,0,5,0%,10.8
https://www.kashitaxi.in/hi/varanasi-to-bodhgaya-tempo-traveller,0,5,0%,13.8
https://www.kashitaxi.in/hi/dev-deepawali-crowd-survival-guide-varanasi,0,5,0%,18.6
https://www.kashitaxi.in/en/pilgrimage-yatra-tours-tempo-traveller-varanasi,0,5,0%,23.6
https://www.kashitaxi.in/images/varanasi-river-sunrise-boat-p.jpeg,0,5,0%,27.4
https://www.kashitaxi.in/en/varanasi-to-ram-mandir-tempo-traveller,0,4,0%,1.5
https://www.kashitaxi.in/en/varanasi-airport-to-city-cab,0,4,0%,2.25
https://www.kashitaxi.in/en/varanasi-to-prayagraj-magh-mela-taxi-booking,0,4,0%,4.5
https://www.kashitaxi.in/en/makar-sankranti-2026-kite-festival-taxi-booking,0,4,0%,6.25
https://www.kashitaxi.in/en/city/varanasi/taxi/how-to-reach-tent-city-varanasi,0,4,0%,7
https://www.kashitaxi.in/en/varanasi-airport-to-jaunpur-distance,0,4,0%,7
https://www.kashitaxi.in/en/mahindra-kabira-festival-2025-varanasi,0,4,0%,7.25
https://www.kashitaxi.in/hi/varanasi-airport-taxi-price-guide,0,4,0%,7.25
https://www.kashitaxi.in/en/varanasi-to-ram-janmabhoomi-tempo-traveller,0,4,0%,7.5
https://www.kashitaxi.in/en/services/kashi-driver-partners,0,4,0%,8
https://www.kashitaxi.in/hi/varanasi-to-gaya-tempo-traveller,0,4,0%,8
https://www.kashitaxi.in/en/city/varanasi/taxi/taxi-for-tent-city-varanasi,0,4,0%,9.5
https://www.kashitaxi.in/en/city/varanasi/taxi/varanasi-airport-to-patna-distance,0,4,0%,9.75
https://www.kashitaxi.in/hi/varanasi-airport-tempo-traveller,0,4,0%,10.5
https://www.kashitaxi.in/hi/varanasi-to-prayagraj-kumbh-tempo-traveller,0,4,0%,10.5
https://www.kashitaxi.in/hi/varanasi-to-ram-janmabhoomi-tempo-traveller,0,4,0%,14.5
https://www.kashitaxi.in/en/varanasi-to-triveni-sangam-tempo-traveller,0,4,0%,23
https://www.kashitaxi.in/en/varanasi-to-delhi-taxi,0,4,0%,35.75
https://www.kashitaxi.in/en/mahindra-kabira-sunrise-music,0,4,0%,47.75
https://www.kashitaxi.in/en/wedding-tempo-traveller-varanasi,0,3,0%,1
https://www.kashitaxi.in/en/varanasi-to-kolkata-taxi,0,3,0%,5
https://www.kashitaxi.in/en/city/jaipur/taxi/varanasi-to-jaipur-taxi,0,3,0%,5.33
https://www.kashitaxi.in/en/varanasi-to-patna-taxi,0,3,0%,5.67
https://www.kashitaxi.in/hi/is-varanasi-safe-for-solo-female-travellers,0,3,0%,5.67
https://www.kashitaxi.in/hi/kashi-darshan-tempo-traveller,0,3,0%,6
https://www.kashitaxi.in/en/city/varanasi/taxi/varanasi-airport-to-panchganga-ghat-distance,0,3,0%,6.33
https://www.kashitaxi.in/en/taj-ganges-varanasi-taxi-service,0,3,0%,6.33
https://www.kashitaxi.in/en/kashi-vishwanath-temple-ganga-aarti-spiritual-journey-2025,0,3,0%,7
https://www.kashitaxi.in/en/varanasi-airport-to-gorakhpur-distance,0,3,0%,7.67
https://www.kashitaxi.in/hi/city/varanasi/taxi/taxi-service-in-sigra-varanasi,0,3,0%,8
https://www.kashitaxi.in/hi/sunrise-boat-ride-ganges,0,3,0%,8
https://www.kashitaxi.in/en/varanasi-airport-to-deoria-distance,0,3,0%,8.33
https://www.kashitaxi.in/en/city/varanasi/taxi/varanasi-city-tour-cab,0,3,0%,8.67
https://www.kashitaxi.in/en/kashi-prayagraj-ayodhya-south,0,3,0%,8.67
https://www.kashitaxi.in/en/prayagraj-ayodhya-chitrakoot-tempo-traveller-circuit,0,3,0%,11.33
https://www.kashitaxi.in/en/city/varanasi/events/banaras-lit-fest-2026-corporate-mobility-partner,0,3,0%,13.33
https://www.kashitaxi.in/en/ayodhya-varanasi-3-day-tour,0,3,0%,19
https://www.kashitaxi.in/en/varanasi-airport-to-kashi-vishwanath-distance,0,3,0%,33.33
https://www.kashitaxi.in/en/safe-taxi-magh-mela-seniors-families,0,2,0%,3.5
https://www.kashitaxi.in/en/city/patna/taxi/varanasi-to-patna-taxi,0,2,0%,4.5
https://www.kashitaxi.in/en/varanasi-airport-to-mirzapur-vindhyachal-distance,0,2,0%,4.5
https://www.kashitaxi.in/en/city/gaya/taxi/varanasi-to-gaya-taxi,0,2,0%,5
https://www.kashitaxi.in/en/varanasi-to-gorakhpur-taxi,0,2,0%,5
https://www.kashitaxi.in/en/airport-to-taj-gateway-varanasi,0,2,0%,5.5
https://www.kashitaxi.in/en/city/kolkata/taxi/varanasi-to-kolkata-taxi,0,2,0%,6
https://www.kashitaxi.in/en/okr,0,2,0%,6.5
https://www.kashitaxi.in/en/same-day-varanasi-tour,0,2,0%,7
https://www.kashitaxi.in/en/shivala-ghat-taxi-service,0,2,0%,7.5
https://www.kashitaxi.in/en/varanasi-2n3d-tour,0,2,0%,9.5
https://www.kashitaxi.in/en/varanasi-airport-to-tulsi-ghat-distance,0,2,0%,10
https://www.kashitaxi.in/en/banaras-lit-fest-2026-venue-guide-hotels-logistics,0,2,0%,11
https://www.kashitaxi.in/en/taxi-rates-varanasi,0,2,0%,11
https://www.kashitaxi.in/en/ayodhya-varanasi-tour,0,2,0%,12
https://www.kashitaxi.in/images/Sarnath-Stoopa-Square-beautiful-large.jpeg,0,2,0%,12.5
https://www.kashitaxi.in/en/city/gorakhpur/taxi/varanasi-to-gorakhpur-taxi,0,2,0%,13
https://www.kashitaxi.in/en/varanasi-to-lucknow-taxi,0,2,0%,14
https://www.kashitaxi.in/en/ayodhya-1n2d-tour,0,2,0%,15.5
https://www.kashitaxi.in/en/pind-daan-gaya-service-varanasi,0,2,0%,18
https://www.kashitaxi.in/en/how-to-reach-tent-city-varanasi,0,2,0%,18.5
https://www.kashitaxi.in/en/city/varanasi/taxi/one-way-taxi-varanasi,0,2,0%,19
https://www.kashitaxi.in/en/city/ayodhya/tour-packages/ayodhya-2-day-tour,0,2,0%,36.5
https://www.kashitaxi.in/en/corporate-group-tempo-traveller-varanasi,0,1,0%,1
https://www.kashitaxi.in/en/kartik-purnima-ganga-snan-varanasi-2025,0,1,0%,1
https://www.kashitaxi.in/en/varanasi-gaya-prayagraj-tour-package-elderly,0,1,0%,1
https://www.kashitaxi.in/en/varanasi-to-jaipur-taxi,0,1,0%,1
https://www.kashitaxi.in/hi/city/varanasi/taxi/staying-at-taj-ganges-need-taxi,0,1,0%,1
https://www.kashitaxi.in/en/kashi-yatra-south-india-bus-package,0,1,0%,3
https://www.kashitaxi.in/images/Urbania-front-Square.jpeg,0,1,0%,3
https://www.kashitaxi.in/hi/city/varanasi/taxi/taj-ganges-varanasi-taxi-service,0,1,0%,4
https://www.kashitaxi.in/en/city/varanasi/taxi/varanasi-airport-to-jalalpur-distance,0,1,0%,5
https://www.kashitaxi.in/en/taxi-for-tent-city-varanasi,0,1,0%,5
https://www.kashitaxi.in/en/luxury-cab-for-tent-city-varanasi,0,1,0%,6
https://www.kashitaxi.in/en/varanasi-to-prayagraj-kumbh-tempo-traveller,0,1,0%,7
https://www.kashitaxi.in/hi/city/varanasi/taxi/airport-taxi-service-varanasi,0,1,0%,9
https://www.kashitaxi.in/en/kashi-rameshwaram-twin-jyotirlinga-yatra,0,1,0%,10
https://www.kashitaxi.in/en/one-way-taxi-varanasi,0,1,0%,10
https://www.kashitaxi.in/en/city/varanasi/sightseeing/dashashwamedh-ghat-boat-ride-ganga-aarti-guide/,0,1,0%,11
https://www.kashitaxi.in/hi/varanasi-airport-taxi-guide,0,1,0%,11
https://www.kashitaxi.in/images/Vindhyachal2.jpg,0,1,0%,11
https://www.kashitaxi.in/images/sadhu-foreigner-girl.jpeg,0,1,0%,11
https://www.kashitaxi.in/images/varanasi-kashi-vishwanath-l.jpeg,0,1,0%,11
https://www.kashitaxi.in/en/bus/kashi-yatra-south-india-bus-package,0,1,0%,12
https://www.kashitaxi.in/en/city/varanasi/tour-packages/same-day-varanasi-tour,0,1,0%,12
https://www.kashitaxi.in/images/Tempo_travellar_side_back_white.jpeg,0,1,0%,16
https://www.kashitaxi.in/images/varanasi-ghat-early-morning.jpeg,0,1,0%,16
https://www.kashitaxi.in/en/varanasi-3-day-tour,0,1,0%,18
https://www.kashitaxi.in/images/Ganga-boat-birds-ghats-morning-l.jpeg,0,1,0%,19
https://www.kashitaxi.in/images/blogSarnath.png,0,1,0%,20
https://www.kashitaxi.in/images/ganga-aarti.jpeg,0,1,0%,20
https://www.kashitaxi.in/_next/image?url=/images/Ganga-boat-birds-ghats-morning-l.jpeg&w=3840&q=75,0,1,0%,22
https://www.kashitaxi.in/_next/image?url=/images/ganga-aarti-ceremony-2025.jpg&w=3840&q=75,0,1,0%,28
https://www.kashitaxi.in/images/Tempo_travellar_seat_closup.jpeg,0,1,0%,28
https://www.kashitaxi.in/images/assi-aarti-evening-P.jpeg,0,1,0%,34
https://www.kashitaxi.in/en/ayodhya-2-day-tour,0,1,0%,46