query,intent,clicks,impressions,ctr,position,mapped_page,match_where
scooty on rent in varanasi,sales,12,204,5.9%,3.3,/bike-rentals-varanasi,body
scooty rent in varanasi,sales,13,162,8%,3.2,/bike-rentals-varanasi,all terms on page
bike on rent varanasi,sales,5,154,3.2%,9.2,/bike-rentals-varanasi,slug (all terms)
bike rent in varanasi,sales,6,138,4.3%,5.6,/bike-rentals-varanasi,slug (all terms)
taxi service in varanasi,sales,1,105,1%,17.2,/en/city/varanasi/taxi/24-7-taxi-varanasi,title
bike rent varanasi,sales,4,101,4%,4.3,/bike-rentals-varanasi,slug (all terms)
kasi free tour 2026 tamil nadu,sales,6,79,7.6%,4.6,/en/city/varanasi/events/kashi-tamil-sangamam-2026-varanasi,all terms on page
rental scooty in varanasi,sales,3,79,3.8%,3.7,/bike-rentals-varanasi,body
bike rental in varanasi,sales,3,68,4.4%,4.6,/bike-rentals-varanasi,slug (all terms)
bike on rent in varanasi,sales,2,64,3.1%,5.0,/bike-rentals-varanasi,slug (all terms)
rent bike in varanasi,sales,2,62,3.2%,3.4,/bike-rentals-varanasi,slug (all terms)
varanasi scooty rent,sales,4,61,6.6%,3.1,/bike-rentals-varanasi,body
rental bike in varanasi,sales,3,58,5.2%,3.6,/bike-rentals-varanasi,slug (all terms)
rent scooty in varanasi,sales,5,57,8.8%,3.0,/bike-rentals-varanasi,all terms on page
scooty rental in varanasi,sales,3,55,5.5%,3.6,/bike-rentals-varanasi,title
varanasi to vindhyachal taxi fare,sales,1,53,1.9%,12.8,/en/city/vindhyachal/taxi/varanasi-to-vindhyachal-taxi,body
scooty rental varanasi,sales,1,49,2%,3.4,/bike-rentals-varanasi,all terms on page
bike rentals in varanasi,sales,3,47,6.4%,4.3,/bike-rentals-varanasi,slug (all terms)
varanasi bike rent,sales,4,46,8.7%,4.4,/bike-rentals-varanasi,slug (all terms)
bike rental varanasi,sales,1,46,2.2%,6.7,/bike-rentals-varanasi,slug (all terms)
rental bike varanasi,sales,2,42,4.8%,4.0,/bike-rentals-varanasi,slug (all terms)
sarnath museum ticket price,sales,1,37,2.7%,5.1,/en/sarnath-attractions-guide,body
bike rentals varanasi,sales,2,36,5.6%,4.1,/bike-rentals-varanasi,slug
varanasi bike rental,sales,1,34,2.9%,3.5,/bike-rentals-varanasi,slug (all terms)
sarnath ticket,sales,1,32,3.1%,8.9,/en/sarnath-attractions-guide,body
varanasi scooty rent price,sales,1,31,3.2%,2.0,/bike-rentals-varanasi,all terms on page
taxi 690,sales,1,28,3.6%,4.2,/en/city/varanasi/taxi/varanasi-airport-to-dashashwamedh-distance,title
scooty on rent in varanasi near me,sales,1,25,4%,3.1,/bike-rentals-varanasi,all terms on page
rental bike near me,sales,1,23,4.3%,11.0,/bike-rentals-varanasi,all terms on page
kashi vishwanath mandir ke pass dharamshala,sales,2,21,9.5%,6.1,/en/services/dharamshala-near-kashi-vishwanath-temple-varanasi,tokens (3/5)
banaras bike rent,sales,1,21,4.8%,3.1,/bike-rentals-varanasi,slug (all terms)
vindhyachal dharamshala price per day,sales,1,21,4.8%,7.6,/en/varanasi-to-vindhyachal-itinerary,all terms on page
scooty rent varanasi,sales,1,20,5%,3.2,/bike-rentals-varanasi,all terms on page
varanasi airport to kashi vishwanath temple uber price,sales,1,20,5%,4.7,/en/city/varanasi/taxi/varanasi-airport-to-kashi-vishwanath-distance,all terms on page
varanasi bike rental price,sales,5,18,27.8%,2.9,/bike-rentals-varanasi,all terms on page
varanasi local tour package,sales,1,18,5.6%,12.6,/en/city/varanasi/sightseeing/varanasi-local-sightseeing-package,all terms on page
kasi free tour 2026 tamil nadu timings,sales,5,17,29.4%,2.2,/en/city/varanasi/events/kashi-tamil-sangamam-2026-varanasi,all terms on page
varanasi scooty rental,sales,3,17,17.6%,3.1,/bike-rentals-varanasi,body
bike for rent in varanasi,sales,1,17,5.9%,4.1,/bike-rentals-varanasi,slug (all terms)
varanasi rental bike,sales,2,16,12.5%,3.2,/bike-rentals-varanasi,slug (all terms)
cheapest bike rent in varanasi,sales,1,16,6.3%,3.3,/en/city/varanasi/taxi/varanasi-airport-to-banaras-railway-station-distance,all terms on page
bike rent in varanasi near railway station,sales,1,16,6.3%,3.6,/bike-rentals-varanasi,all terms on page
rental bikes in varanasi,sales,1,13,7.7%,3.3,/bike-rentals-varanasi,slug (all terms)
goenka dharamshala vindhyachal,sales,1,13,7.7%,10.0,/en/services/where-to-stay-in-vindhyachal,all terms on page
scooty on rent in banaras,sales,1,11,9.1%,3.0,/bike-rentals-varanasi,all terms on page
assi ghat boat ride price,sales,1,11,9.1%,3.4,/en/city/varanasi/sightseeing/dashashwamedh-ghat-boat-ride-ganga-aarti-guide,all terms on page
rent a bike in varanasi,sales,1,11,9.1%,3.9,/bike-rentals-varanasi,slug (all terms)
varanasi to ayodhya traveller price,sales,1,10,10%,2.9,/en/varanasi-to-ayodhya-tempo-traveller,body
varanasi dharamshala near mandir with price,sales,1,9,11.1%,1.0,/en/city/gaya/taxi/varanasi-to-gaya-taxi,all terms on page
varanasi me bike rent price,sales,1,9,11.1%,3.3,/bike-rentals-varanasi,all terms on page
kashi taxi,sales,2,8,25%,2.8,/banaras-tour-package,title
two wheeler on rent in varanasi,sales,2,8,25%,3.1,/bike-rentals-varanasi,all terms on page
kashi taxi service,sales,1,8,12.5%,2.8,/en/city/varanasi/taxi/taxi-service-in-sigra-varanasi,slug (all terms)
rental scooty varanasi,sales,1,8,12.5%,3.0,/bike-rentals-varanasi,all terms on page
boat ride in varanasi price,sales,1,8,12.5%,8.1,/en/morning-boat-ride-varanasi-price,slug (all terms)
varanasi to ayodhya tempo traveller price list,sales,1,7,14.3%,2.9,/en/varanasi-to-ayodhya-tempo-traveller,title
sarnath temple ticket price,sales,2,6,33.3%,2.2,/en/sarnath-buddhist-temple-guide,all terms on page
tempo traveller 17 seater in varanasi price,sales,1,6,16.7%,3.0,/en/17-seater-tempo-traveller-varanasi,all terms on page
aaj suryast ka samay,info,1,63150,0%,9.7,/hi/city/varanasi/activities/ganga-aarti-samay-varanasi-2026,tokens (1/3)
kal suryoday ka samay,info,2,17455,0%,10.4,/hi/city/varanasi/activities/ganga-aarti-samay-varanasi-2026,tokens (1/3)
aaj suryoday ka samay,info,1,6812,0%,12.3,/hi/city/varanasi/activities/ganga-aarti-samay-varanasi-2026,tokens (1/3)
suryoday kal,info,1,1633,0.1%,7.8,/en/ayodhya-varanasi-prayagraj-group-tour-package,tokens (1/2)
varanasi to vindhyachal distance,info,4,1562,0.3%,4.6,/en/varanasi-to-vindhyachal,title
varanasi to nepal distance,info,2,862,0.2%,4.6,/en/city/nepal/taxi/varanasi-to-nepal-taxi,title
assi ghat aarti time,info,8,751,1.1%,4.1,/en/assi-ghat-aarti-timings-2026,title
suryoday ka samay,info,1,751,0.1%,11.6,/hi/city/varanasi/activities/ganga-aarti-samay-varanasi-2026,tokens (1/2)
ganga aarti timing in varanasi,info,2,550,0.4%,9.3,/en/city/varanasi/activities/ganga-aarti-timing-varanasi-2026,slug (all terms)
vindhyachal to varanasi distance,info,2,526,0.4%,7.1,/en/city/varanasi/taxi/varanasi-airport-to-mirzapur-vindhyachal-distance,slug (all terms)
dashashwamedh ghat aarti time,info,1,526,0.2%,6.4,/en/city/varanasi/activities/ganga-aarti-timing-varanasi-2026,body
varanasi to kashi distance,info,1,397,0.3%,9.7,/en/city/varanasi/taxi/varanasi-airport-to-banaras-railway-station-distance,slug (all terms)
varanasi airport to kashi vishwanath temple distance,info,2,394,0.5%,3.8,/en/city/varanasi/taxi/varanasi-airport-to-kashi-vishwanath-distance,body
banaras se ayodhya ki duri,info,1,386,0.3%,9.2,/en/varanasi-to-ayodhya,body
varanasi to vindhyachal distance by road,info,1,249,0.4%,4.3,/en/varanasi-to-vindhyachal,body
assi ghat morning aarti time,info,7,231,3%,4.3,/en/assi-ghat-morning-aarti-time,slug
sarnath timing,info,21,178,11.8%,2.1,/en/sarnath-timing-visit-guide,slug
banaras se vindhyachal ki duri,info,3,169,1.8%,3.0,/hi/varanasi-to-vindhyachal,body
banaras me kitne ghat h,info,1,168,0.6%,5.3,/en/city/varanasi/activities/84-ghats-boat-tour-varanasi,slug (all terms)
varanasi airport to varanasi railway station distance,info,3,125,2.4%,3.5,/en/city/varanasi/taxi/varanasi-airport-to-banaras-railway-station-distance,slug (all terms)
assi ghat aarti timings,info,2,124,1.6%,3.4,/en/assi-ghat-timings,title
banaras me kitne ghat hai,info,2,120,1.7%,7.3,/en/city/varanasi/activities/84-ghats-boat-tour-varanasi,slug (all terms)
assi ghat ganga aarti timing,info,3,105,2.9%,2.8,/en/assi-ghat-aarti-timings-2026,body
banaras se vindhyachal ki duri kitni hai,info,1,104,1%,2.9,/en/city/varanasi/taxi/varanasi-airport-to-mirzapur-vindhyachal-distance,tokens (2/4)
assi ghat aarti time today,info,2,99,2%,2.7,/en/assi-ghat-aarti-timings-2026,all terms on page
sarnath temple timings,info,5,93,5.4%,3.8,/en/sarnath-timing-visit-guide,title
kashi to nepal distance,info,2,91,2.2%,5.4,/en/city/nepal/taxi/varanasi-to-nepal-taxi,all terms on page
sarnath opening time,info,6,80,7.5%,1.5,/en/ashoka-pillar-sarnath-guide,all terms on page
ganga snan kab hai 2026 november,info,3,79,3.8%,2.1,/en/city/varanasi/events/kartik-purnima-ganga-snan-varanasi-2026,tokens (4/5)
vindhyachal se banaras ki duri,info,1,74,1.4%,4.3,/hi/varanasi-to-vindhyachal,all terms on page
varanasi junction to varanasi airport distance,info,2,73,2.7%,4.6,/en/city/varanasi/taxi/varanasi-airport-to-varanasi-junction-distance,slug (all terms)
sarnath temple varanasi timings,info,6,72,8.3%,2.0,/en/sarnath-buddhist-temple-guide,all terms on page
varanasi ganga aarti timings,info,1,72,1.4%,10.9,/en/city/varanasi/activities/ganga-aarti-timing-varanasi-2026,slug (all terms)
varanasi aarti time,info,1,66,1.5%,10.3,/en/city/varanasi/sightseeing/kashi-vishwanath-temple-ganga-aarti-spiritual-journey-2026,body
kashi ganga aarti time,info,1,65,1.5%,8.6,/en/city/varanasi/sightseeing/kashi-vishwanath-temple-ganga-aarti-spiritual-journey-2026,body
sarnath varanasi timings,info,4,64,6.3%,2.1,/en/city/varanasi/taxi/varanasi-to-sarnath-taxi,all terms on page
sarnath museum timing,info,1,63,1.6%,5.2,/en/sarnath-timing-visit-guide,body
varanasi to vindhyavasini temple distance,info,3,61,4.9%,2.8,/en/varanasi-to-vindhyachal,body
dashashwamedh ghat aarti time today,info,1,59,1.7%,3.6,/en/assi-ghat-aarti-timings-2026,all terms on page
sarnath closing time,info,2,57,3.5%,1.9,/en/ashoka-pillar-sarnath-guide,all terms on page
banaras mein kul kitne ghat hain,info,1,54,1.9%,6.0,/en/city/varanasi/activities/84-ghats-boat-tour-varanasi,tokens (2/5)
sarnath mandir timing,info,1,54,1.9%,15.5,/en/sarnath-timing-visit-guide,all terms on page
morning ganga aarti timing in varanasi,info,1,52,1.9%,3.2,/en/city/varanasi/activities/ganga-aarti-timing-varanasi-2026,all terms on page
80 ghat aarti time,info,1,50,2%,3.1,/en/assi-ghat-aarti-timings-2026,all terms on page
varanasi me kitne ghat hai,info,1,44,2.3%,4.3,/en/city/varanasi/activities/84-ghats-boat-tour-varanasi,slug (all terms)
varanasi airport to railway station distance,info,1,43,2.3%,3.5,/en/city/varanasi/taxi/varanasi-airport-to-banaras-railway-station-distance,slug (all terms)
vindhyachal distance from varanasi,info,1,43,2.3%,4.4,/en/city/varanasi/taxi/varanasi-airport-to-mirzapur-vindhyachal-distance,slug (all terms)
varanasi to vindhyachal temple distance,info,2,42,4.8%,2.7,/en/varanasi-to-vindhyachal,body
banaras se vindhyachal kitna dur hai,info,4,41,9.8%,3.0,/en/city/varanasi/taxi/varanasi-airport-to-mirzapur-vindhyachal-distance,tokens (2/3)
varanasi to vindhyachal mandir distance,info,1,41,2.4%,3.6,/en/city/varanasi/taxi/varanasi-airport-to-mirzapur-vindhyachal-distance,all terms on page
ayodhya se kashi vishwanath ki duri,info,1,40,2.5%,10.1,/en/varanasi-to-ayodhya,all terms on page
kashi to prayagraj distance by road,info,1,38,2.6%,4.6,/en/varanasi-to-prayagraj,all terms on page
kashi vishwanath ganga aarti time,info,1,38,2.6%,13.3,/en/city/varanasi/sightseeing/kashi-vishwanath-temple-ganga-aarti-spiritual-journey-2026,all terms on page
sarnath mandir varanasi timings,info,1,37,2.7%,1.8,/en/sarnath-timing-visit-guide,all terms on page
varanasi to vindhyachal temple distance by road,info,1,37,2.7%,3.1,/en/city/varanasi/taxi/varanasi-airport-to-mirzapur-vindhyachal-distance,all terms on page
banaras me kul kitne ghat hai,info,1,37,2.7%,6.0,/en/city/varanasi/activities/84-ghats-boat-tour-varanasi,tokens (2/3)
ayodhya se kashi ki duri,info,1,37,2.7%,9.6,/en/varanasi-to-ayodhya,all terms on page
varanasi city to airport distance,info,1,36,2.8%,3.3,/en/city/varanasi/taxi/varanasi-airport-to-varanasi-city-station-distance,slug (all terms)
varanasi railway station to airport distance,info,2,34,5.9%,3.3,/en/city/varanasi/taxi/varanasi-airport-to-banaras-railway-station-distance,slug (all terms)
vindhyachal mandir mirzapur to varanasi distance,info,1,34,2.9%,2.5,/en/city/varanasi/taxi/varanasi-airport-to-mirzapur-vindhyachal-distance,all terms on page
sarnath timings,info,1,34,2.9%,17.1,/en/sarnath-timing-visit-guide,slug (all terms)
varanasi ganga aarti timings morning,info,1,33,3%,8.4,/en/city/varanasi/activities/ganga-aarti-timing-varanasi-2026,all terms on page
assi ghat aarti time morning,info,2,31,6.5%,1.8,/en/assi-ghat-morning-aarti-time,slug (all terms)
kashi to kathmandu distance,info,1,30,3.3%,8.4,/en/city/kathmandu/taxi/varanasi-to-kathmandu-taxi,all terms on page
sarnath opening time today,info,4,29,13.8%,2.0,/en/ashoka-pillar-sarnath-guide,all terms on page
sarnath opening and closing time,info,1,29,3.4%,1.2,/en/ashoka-pillar-sarnath-guide,all terms on page
varanasi weather in july 2026,info,1,29,3.4%,3.5,/en/varanasi-in-monsoon-july-september-2026,all terms on page
dashashwamedh ghat ganga aarti time,info,1,29,3.4%,4.3,/en/city/varanasi/sightseeing/dashashwamedh-ghat-boat-ride-ganga-aarti-guide,all terms on page
banaras kitna kilometre hai,info,1,29,3.4%,10.2,/en/bus/kashi-yatra-south-india-bus-package,all terms on page
varanasi me ganga aarti time,info,1,28,3.6%,4.7,/en/city/varanasi/activities/ganga-aarti-timing-varanasi-2026,all terms on page
banaras se sarnath ki duri,info,1,28,3.6%,7.8,/en/varanasi-to-ayodhya,all terms on page
dashashwamedh ghat aarti timings,info,1,28,3.6%,11.0,/en/dashashwamedh-ghat-ganga-aarti-timing,slug (all terms)
is varanasi safe for women,info,2,27,7.4%,4.4,/en/is-varanasi-safe-for-solo-female-travellers,all terms on page
sarnath timings varanasi,info,1,27,3.7%,1.5,/en/city/varanasi/taxi/varanasi-to-sarnath-taxi,all terms on page
varanasi to banaras station distance,info,1,27,3.7%,10.7,/en/city/varanasi/taxi/varanasi-airport-to-banaras-railway-station-distance,slug (all terms)
banaras mein kitna ghat hai,info,1,26,3.8%,5.7,/en/varanasi-kite-wars-tourist-guide-makar-sankranti-2026,all terms on page
ganga aarti dashashwamedh ghat timing,info,1,26,3.8%,6.0,/en/dashashwamedh-ghat-ganga-aarti-timing,slug (all terms)
dashmesh ghat ganga aarti time,info,1,25,4%,5.5,/en/assi-ghat-evening-aarti-time,all terms on page
kedar ghat to dashashwamedh ghat distance,info,1,25,4%,9.2,/en/city/varanasi/taxi/varanasi-airport-to-kedar-ghat-distance,all terms on page
aarti time at assi ghat,info,2,23,8.7%,1.8,/en/assi-ghat-evening-aarti-time,slug (all terms)
dashashwamedh ghat aarti time morning,info,2,23,8.7%,3.1,/en/assi-ghat-morning-aarti-time,all terms on page
varanasi airport to manikarnika ghat distance,info,2,22,9.1%,3.0,/en/city/varanasi/taxi/varanasi-airport-to-manikarnika-distance,title
banaras me ganga aarti time,info,1,22,4.5%,5.7,/en/city/varanasi/activities/ganga-aarti-timing-varanasi-2026,all terms on page
varanasi temple to airport distance,info,1,20,5%,2.0,/en/city/varanasi/taxi/varanasi-airport-to-ghazipur-distance,all terms on page
vindhyavasini temple distance from varanasi,info,1,20,5%,3.7,/en/city/varanasi/taxi/varanasi-airport-to-mirzapur-vindhyachal-distance,all terms on page
lal bahadur shastri airport to kashi vishwanath temple distance,info,1,20,5%,5.9,/en/services/varanasi-airport-to-city-cab,all terms on page
varanasi to naimisharanya distance,info,1,20,5%,10.1,/en/varanasi-to-naimisharanya-tempo-traveller,body
varanasi se vindhyachal ki duri,info,2,19,10.5%,2.8,/hi/varanasi-to-vindhyachal,body
varanasi vindhyachal distance,info,1,19,5.3%,3.9,/en/city/varanasi/taxi/varanasi-airport-to-mirzapur-vindhyachal-distance,slug (all terms)
ganga aarti timing assi ghat,info,1,18,5.6%,2.0,/en/assi-ghat-aarti-timings-2026,all terms on page
dashashwamedh ghat morning aarti time,info,1,18,5.6%,3.8,/en/assi-ghat-morning-aarti-time,all terms on page
is varanasi safe,info,1,18,5.6%,6.5,/en/is-varanasi-safe-for-solo-female-travellers,title
kashi vishwanath temple to airport distance,info,1,17,5.9%,2.9,/en/city/varanasi/taxi/varanasi-airport-to-kashi-vishwanath-distance,all terms on page
banaras me ganga aarti ka samay,info,2,16,12.5%,4.4,/hi/city/varanasi/activities/ganga-aarti-samay-varanasi-2026,slug (all terms)
weather varanasi,info,1,16,6.3%,3.4,/en/varanasi-january-weather-travel-guide,slug (all terms)
varanasi to vindhyavasini distance,info,1,15,6.7%,5.8,/en/varanasi-to-vindhyachal,body
assi ghat aarti timings today,info,1,15,6.7%,6.1,/en/assi-ghat-aarti-timings-2026,all terms on page
banaras se vindhyachal distance,info,1,14,7.1%,3.0,/en/city/varanasi/taxi/varanasi-airport-to-mirzapur-vindhyachal-distance,slug (all terms)
kartik ganga snan kab hai 2026,info,1,13,7.7%,4.2,/en/city/varanasi/events/kartik-purnima-ganga-snan-varanasi-2026,tokens (4/5)
assi ghat par ganga aarti kab hoti hai,info,2,12,16.7%,1.3,/en/assi-ghat-aarti-timings-2026,tokens (4/7)
map of ghats in varanasi,info,1,12,8.3%,1.0,/en/city/varanasi/taxi/varanasi-airport-to-assi-ghat-distance,all terms on page
varanasi crime rate,info,1,12,8.3%,5.3,/en/city/nepal/taxi/varanasi-to-nepal-taxi,all terms on page
varanasi me rath yatra kab hai,info,1,12,8.3%,5.8,/en/jagannath-rath-yatra-varanasi-2026,tokens (3/4)
vindhyachal mandir to kali khoh distance,info,1,12,8.3%,6.7,/en/city/varanasi/taxi/varanasi-airport-to-mirzapur-vindhyachal-distance,all terms on page
varanasi se mirzapur ki duri,info,1,12,8.3%,9.3,/en/city/varanasi/taxi/varanasi-airport-to-mirzapur-vindhyachal-distance,tokens (2/3)
ganga aarti timing in varanasi today morning,info,1,10,10%,1.5,/en/city/varanasi/activities/ganga-aarti-timing-varanasi-2026,all terms on page
dasaswamedh ghat aarti time today,info,1,10,10%,2.4,/en/assi-ghat-aarti-timings-2026,all terms on page
assi ghat ki aarti kitne baje hoti hai,info,1,10,10%,2.7,/en/assi-ghat-aarti-timings-2026,tokens (3/5)
varanasi se vindhyachal mandir ki duri,info,1,10,10%,3.0,/en/city/varanasi/taxi/varanasi-airport-to-mirzapur-vindhyachal-distance,tokens (3/4)
sarnath museum opening time,info,1,10,10%,3.2,/en/sarnath-timing-visit-guide,all terms on page
weather in varanasi in february,info,1,10,10%,4.8,/en/varanasi-in-february-2026,body
varanasi to prayagraj to ayodhya distance by road,info,2,9,22.2%,3.4,/en/ayodhya-varanasi-prayagraj-group-tour-package,all terms on page
vindhyachal kitni duri per hai,info,1,9,11.1%,5.3,/en/navratri-in-vindhyachal-practical-guide,tokens (2/4)
sarnath varanasi opening time,info,1,8,12.5%,1.8,/en/ashoka-pillar-sarnath-guide,all terms on page
sarnath temple opening time,info,1,8,12.5%,2.9,/en/sarnath-buddhist-temple-guide,all terms on page
kashi temple to airport distance,info,1,7,14.3%,2.3,/en/city/varanasi/taxi/varanasi-airport-to-ghazipur-distance,all terms on page
vindhyachal se banaras kitni dur hai,info,1,7,14.3%,3.6,/en/city/varanasi/taxi/varanasi-airport-to-mirzapur-vindhyachal-distance,tokens (2/4)
varanasi ghat kitne hai,info,1,7,14.3%,6.0,/en/city/varanasi/activities/84-ghats-boat-tour-varanasi,slug (all terms)
sarnath temple closing time,info,1,6,16.7%,2.0,/en/sarnath-timing-visit-guide,all terms on page
aarti time in assi ghat,info,2,4,50%,1.5,/en/assi-ghat-evening-aarti-time,slug (all terms)
rathyatra mela 2026,other,11,1392,0.8%,4.0,/en/city/prayagraj/events/magh-mela-2026-travel-guide-varanasi,tokens (2/3)
varanasi ghat,other,1,363,0.3%,9.1,/en/city/varanasi/activities/84-ghats-boat-tour-varanasi,slug (all terms)
rathyatra mela 2026 varanasi,other,3,248,1.2%,3.2,/en/city/prayagraj/events/magh-mela-2026-travel-guide-varanasi,tokens (3/4)
kasi tamil sangam registration 2026 tamilnadu online apply,other,22,247,8.9%,3.8,/en/city/varanasi/events/kashi-tamil-sangamam-2026-varanasi,body
kasi tamil sangam registration 2026 tamilnadu online apply last date,other,23,205,11.2%,2.7,/en/city/varanasi/events/kashi-tamil-sangamam-2026-varanasi,tokens (9/10)
kasi tamil sangam registration 2026 tamilnadu online,other,11,164,6.7%,4.2,/en/city/varanasi/events/kashi-tamil-sangamam-2026-varanasi,body
varanasi,other,1,122,0.8%,3.1,/bike-rentals-varanasi,title
monsoon in varanasi 2026,other,5,113,4.4%,2.0,/en/varanasi-in-monsoon-july-september-2026,slug (all terms)
ganga snan 2026 november,other,1,103,1%,2.5,/en/city/varanasi/events/kartik-purnima-ganga-snan-varanasi-2026,all terms on page
varanasi airport to kashi vishwanath temple,other,2,94,2.1%,3.7,/en/city/varanasi/taxi/varanasi-airport-to-kashi-vishwanath-distance,body
rath yatra varanasi,other,5,81,6.2%,7.0,/en/jagannath-rath-yatra-varanasi-2026,slug
manikarnika ghat,other,1,81,1.2%,4.4,/en/city/varanasi/taxi/manikarnika-ghat-cremation-guide,title
sarnath,other,2,67,3%,5.0,/en/ashoka-pillar-sarnath-guide,title
kashi tamil sangamam 2026,other,3,59,5.1%,2.9,/en/city/varanasi/events/kashi-tamil-sangamam-2026-varanasi,title
ganga snan 2026 date november,other,1,56,1.8%,1.8,/en/city/varanasi/events/kartik-purnima-ganga-snan-varanasi-2026,all terms on page
yes,other,1,53,1.9%,6.1,/,body
kasi tamil sangam registration 2026 tamilnadu online last date,other,2,37,5.4%,2.4,/en/city/varanasi/events/kashi-tamil-sangamam-2026-varanasi,tokens (8/9)
morning aarti at assi ghat,other,1,37,2.7%,6.4,/en/assi-ghat-morning-aarti-time,slug (all terms)
kasi tamil sangam registration 2026,other,3,34,8.8%,2.8,/en/city/varanasi/events/kashi-tamil-sangamam-2026-varanasi,body
kasi tamil sangam registration 2026 tamilnadu online apply form,other,3,33,9.1%,4.4,/en/city/varanasi/events/kashi-tamil-sangamam-2026-varanasi,tokens (8/9)
ganga snan november 2026,other,2,29,6.9%,1.6,/en/city/varanasi/events/kartik-purnima-ganga-snan-varanasi-2026,all terms on page
rath yatra 2026 in varanasi,other,1,28,3.6%,1.7,/en/jagannath-rath-yatra-varanasi-2026,slug (all terms)
where is manikarnika ghat,other,1,27,3.7%,1.7,/en/manikarnika-ghat-sacred-cremation-grounds,body
varanasi rath yatra,other,1,27,3.7%,5.6,/en/jagannath-rath-yatra-varanasi-2026,slug (all terms)
kasi tamil sangam registration,other,4,24,16.7%,5.3,/en/city/varanasi/events/kashi-tamil-sangamam-2026-varanasi,body
ganga mahotsav,other,1,23,4.3%,8.2,/en/ganga-mahotsav-2026-classical-festival-varanasi,title
kasi tamil sangam registration online tamilnadu login app download,other,2,22,9.1%,4.8,/en/city/varanasi/events/kashi-tamil-sangamam-2026-varanasi,tokens (8/9)
rathyatra mela 2026 in varanasi,other,2,21,9.5%,3.1,/en/city/prayagraj/events/magh-mela-2026-travel-guide-varanasi,tokens (3/4)
trikon parikrama vindhyachal,other,1,19,5.3%,1.5,/en/trikon-parikrama-vindhyachal-complete-guide,slug
sarnath museum,other,2,18,11.1%,2.0,/en/sarnath-attractions-guide,body
kasi tamil sangam registration online,other,2,18,11.1%,4.7,/en/city/varanasi/events/kashi-tamil-sangamam-2026-varanasi,all terms on page
kasi tamil sangamam 2026 tamil,other,3,17,17.6%,2.7,/en/city/varanasi/events/kashi-tamil-sangamam-2026-varanasi,all terms on page
sarnath temple varanasi,other,1,17,5.9%,5.4,/en/city/varanasi/taxi/varanasi-to-sarnath-taxi,all terms on page
rath yatra mela 2026 varanasi,other,1,15,6.7%,2.9,/en/jagannath-rath-yatra-varanasi-2026,tokens (4/5)
varanasi to vindhyavasini,other,1,15,6.7%,4.1,/en/varanasi-to-vindhyachal,body
rath yatra in varanasi,other,1,13,7.7%,5.3,/en/jagannath-rath-yatra-varanasi-2026,title
trikon yatra vindhyachal,other,2,12,16.7%,1.5,/en/city/varanasi/taxi/varanasi-airport-to-mirzapur-vindhyachal-distance,all terms on page
ghat in varanasi,other,1,12,8.3%,1.0,/en/city/varanasi/activities/84-ghats-boat-tour-varanasi,slug (all terms)
ashok stambh,other,1,12,8.3%,3.3,/en/ashoka-pillar-sarnath-guide,body
kashi tamil sangamam 2026 registration,other,2,11,18.2%,4.2,/en/city/varanasi/events/kashi-tamil-sangamam-2026-varanasi,all terms on page
vindhyachal trikon parikrama,other,1,11,9.1%,1.5,/en/trikon-parikrama-vindhyachal-complete-guide,slug (all terms)
mahindra kabira festival 2026 dates,other,1,11,9.1%,4.3,/en/city/varanasi/events/mahindra-kabira-festival-2026-varanasi,all terms on page
varanasi ke ghat,other,1,11,9.1%,8.3,/hi/varanasi-ke-ghaton-ke-liye-guide,slug
rath yatra mela varanasi 2026,other,1,8,12.5%,2.9,/en/jagannath-rath-yatra-varanasi-2026,tokens (4/5)
kasi tamil sangam registration online tamilnadu login app,other,1,8,12.5%,5.0,/en/city/varanasi/events/kashi-tamil-sangamam-2026-varanasi,tokens (7/8)
monsoon in varanasi 2026 date,other,2,7,28.6%,1.3,/en/varanasi-in-monsoon-july-september-2026,all terms on page
trikon darshan vindhyachal,other,2,7,28.6%,2.0,/en/trikon-parikrama-vindhyachal-complete-guide,all terms on page
dress for banaras trip female,other,1,7,14.3%,4.4,/en/is-varanasi-safe-for-solo-female-travellers,all terms on page
varanasi airport to railway station,other,1,7,14.3%,4.9,/en/city/varanasi/taxi/varanasi-airport-to-banaras-railway-station-distance,slug (all terms)
outfits to wear in banaras,other,1,7,14.3%,5.7,/en/city/varanasi/events/kartik-purnima-ganga-snan-varanasi-2026,all terms on page
evening aarti at assi ghat,other,2,5,40%,4.2,/en/assi-ghat-evening-aarti-time,slug (all terms)
kasi tamil sangam pathivu 2026,other,2,4,50%,1.8,/en/city/varanasi/events/kashi-tamil-sangamam-2026-varanasi,tokens (4/5)
