Top queries,Clicks,Impressions,CTR,Position
kasi tamil sangam registration 2026 tamilnadu online apply last date,23,205,11.2%,2.7
kasi tamil sangam registration 2026 tamilnadu online apply,22,247,8.9%,3.8
sarnath timing,21,178,11.8%,2.1
scooty rent in varanasi,13,162,8%,3.2
scooty on rent in varanasi,12,204,5.9%,3.3
rathyatra mela 2026,11,1392,0.8%,4.0
kasi tamil sangam registration 2026 tamilnadu online,11,164,6.7%,4.2
assi ghat aarti time,8,751,1.1%,4.1
assi ghat morning aarti time,7,231,3%,4.3
bike rent in varanasi,6,138,4.3%,5.6
sarnath opening time,6,80,7.5%,1.5
kasi free tour 2026 tamil nadu,6,79,7.6%,4.6
sarnath temple varanasi timings,6,72,8.3%,2.0
bike on rent varanasi,5,154,3.2%,9.2
monsoon in varanasi 2026,5,113,4.4%,2.0
sarnath temple timings,5,93,5.4%,3.8
rath yatra varanasi,5,81,6.2%,7.0
rent scooty in varanasi,5,57,8.8%,3.0
varanasi bike rental price,5,18,27.8%,2.9
kasi free tour 2026 tamil nadu timings,5,17,29.4%,2.2
varanasi to vindhyachal distance,4,1562,0.3%,4.6
bike rent varanasi,4,101,4%,4.3
sarnath varanasi timings,4,64,6.3%,2.1
varanasi scooty rent,4,61,6.6%,3.1
varanasi bike rent,4,46,8.7%,4.4
banaras se vindhyachal kitna dur hai,4,41,9.8%,3.0
sarnath opening time today,4,29,13.8%,2.0
kasi tamil sangam registration,4,24,16.7%,5.3
rathyatra mela 2026 varanasi,3,248,1.2%,3.2
banaras se vindhyachal ki duri,3,169,1.8%,3.0
varanasi airport to varanasi railway station distance,3,125,2.4%,3.5
assi ghat ganga aarti timing,3,105,2.9%,2.8
ganga snan kab hai 2026 november,3,79,3.8%,2.1
rental scooty in varanasi,3,79,3.8%,3.7
bike rental in varanasi,3,68,4.4%,4.6
varanasi to vindhyavasini temple distance,3,61,4.9%,2.8
kashi tamil sangamam 2026,3,59,5.1%,2.9
rental bike in varanasi,3,58,5.2%,3.6
scooty rental in varanasi,3,55,5.5%,3.6
bike rentals in varanasi,3,47,6.4%,4.3
kasi tamil sangam registration 2026,3,34,8.8%,2.8
kasi tamil sangam registration 2026 tamilnadu online apply form,3,33,9.1%,4.4
kasi tamil sangamam 2026 tamil,3,17,17.6%,2.7
varanasi scooty rental,3,17,17.6%,3.1
kal suryoday ka samay,2,17455,0%,10.4
varanasi to nepal distance,2,862,0.2%,4.6
ganga aarti timing in varanasi,2,550,0.4%,9.3
vindhyachal to varanasi distance,2,526,0.4%,7.1
varanasi airport to kashi vishwanath temple distance,2,394,0.5%,3.8
assi ghat aarti timings,2,124,1.6%,3.4
banaras me kitne ghat hai,2,120,1.7%,7.3
assi ghat aarti time today,2,99,2%,2.7
varanasi airport to kashi vishwanath temple,2,94,2.1%,3.7
kashi to nepal distance,2,91,2.2%,5.4
varanasi junction to varanasi airport distance,2,73,2.7%,4.6
sarnath,2,67,3%,5.0
bike on rent in varanasi,2,64,3.1%,5.0
rent bike in varanasi,2,62,3.2%,3.4
sarnath closing time,2,57,3.5%,1.9
varanasi to vindhyachal temple distance,2,42,4.8%,2.7
rental bike varanasi,2,42,4.8%,4.0
kasi tamil sangam registration 2026 tamilnadu online last date,2,37,5.4%,2.4
bike rentals varanasi,2,36,5.6%,4.1
varanasi railway station to airport distance,2,34,5.9%,3.3
assi ghat aarti time morning,2,31,6.5%,1.8
ganga snan november 2026,2,29,6.9%,1.6
is varanasi safe for women,2,27,7.4%,4.4
aarti time at assi ghat,2,23,8.7%,1.8
dashashwamedh ghat aarti time morning,2,23,8.7%,3.1
varanasi airport to manikarnika ghat distance,2,22,9.1%,3.0
kasi tamil sangam registration online tamilnadu login app download,2,22,9.1%,4.8
rathyatra mela 2026 in varanasi,2,21,9.5%,3.1
kashi vishwanath mandir ke pass dharamshala,2,21,9.5%,6.1
varanasi se vindhyachal ki duri,2,19,10.5%,2.8
sarnath museum,2,18,11.1%,2.0
kasi tamil sangam registration online,2,18,11.1%,4.7
varanasi rental bike,2,16,12.5%,3.2
banaras me ganga aarti ka samay,2,16,12.5%,4.4
assi ghat par ganga aarti kab hoti hai,2,12,16.7%,1.3
trikon yatra vindhyachal,2,12,16.7%,1.5
kashi tamil sangamam 2026 registration,2,11,18.2%,4.2
varanasi to prayagraj to ayodhya distance by road,2,9,22.2%,3.4
kashi taxi,2,8,25%,2.8
two wheeler on rent in varanasi,2,8,25%,3.1
monsoon in varanasi 2026 date,2,7,28.6%,1.3
trikon darshan vindhyachal,2,7,28.6%,2.0
sarnath temple ticket price,2,6,33.3%,2.2
evening aarti at assi ghat,2,5,40%,4.2
aarti time in assi ghat,2,4,50%,1.5
kasi tamil sangam pathivu 2026,2,4,50%,1.8
aaj suryast ka samay,1,63150,0%,9.7
aaj suryoday ka samay,1,6812,0%,12.3
suryoday kal,1,1633,0.1%,7.8
suryoday ka samay,1,751,0.1%,11.6
dashashwamedh ghat aarti time,1,526,0.2%,6.4
varanasi to kashi distance,1,397,0.3%,9.7
banaras se ayodhya ki duri,1,386,0.3%,9.2
varanasi ghat,1,363,0.3%,9.1
varanasi to vindhyachal distance by road,1,249,0.4%,4.3
banaras me kitne ghat h,1,168,0.6%,5.3
varanasi,1,122,0.8%,3.1
taxi service in varanasi,1,105,1%,17.2
banaras se vindhyachal ki duri kitni hai,1,104,1%,2.9
ganga snan 2026 november,1,103,1%,2.5
manikarnika ghat,1,81,1.2%,4.4
vindhyachal se banaras ki duri,1,74,1.4%,4.3
varanasi ganga aarti timings,1,72,1.4%,10.9
varanasi aarti time,1,66,1.5%,10.3
kashi ganga aarti time,1,65,1.5%,8.6
sarnath museum timing,1,63,1.6%,5.2
dashashwamedh ghat aarti time today,1,59,1.7%,3.6
ganga snan 2026 date november,1,56,1.8%,1.8
banaras mein kul kitne ghat hain,1,54,1.9%,6.0
sarnath mandir timing,1,54,1.9%,15.5
yes,1,53,1.9%,6.1
varanasi to vindhyachal taxi fare,1,53,1.9%,12.8
morning ganga aarti timing in varanasi,1,52,1.9%,3.2
80 ghat aarti time,1,50,2%,3.1
scooty rental varanasi,1,49,2%,3.4
bike rental varanasi,1,46,2.2%,6.7
varanasi me kitne ghat hai,1,44,2.3%,4.3
varanasi airport to railway station distance,1,43,2.3%,3.5
vindhyachal distance from varanasi,1,43,2.3%,4.4
varanasi to vindhyachal mandir distance,1,41,2.4%,3.6
ayodhya se kashi vishwanath ki duri,1,40,2.5%,10.1
kashi to prayagraj distance by road,1,38,2.6%,4.6
kashi vishwanath ganga aarti time,1,38,2.6%,13.3
sarnath mandir varanasi timings,1,37,2.7%,1.8
varanasi to vindhyachal temple distance by road,1,37,2.7%,3.1
sarnath museum ticket price,1,37,2.7%,5.1
banaras me kul kitne ghat hai,1,37,2.7%,6.0
morning aarti at assi ghat,1,37,2.7%,6.4
ayodhya se kashi ki duri,1,37,2.7%,9.6
varanasi city to airport distance,1,36,2.8%,3.3
vindhyachal mandir mirzapur to varanasi distance,1,34,2.9%,2.5
varanasi bike rental,1,34,2.9%,3.5
sarnath timings,1,34,2.9%,17.1
varanasi ganga aarti timings morning,1,33,3%,8.4
sarnath ticket,1,32,3.1%,8.9
varanasi scooty rent price,1,31,3.2%,2.0
kashi to kathmandu distance,1,30,3.3%,8.4
sarnath opening and closing time,1,29,3.4%,1.2
varanasi weather in july 2026,1,29,3.4%,3.5
dashashwamedh ghat ganga aarti time,1,29,3.4%,4.3
banaras kitna kilometre hai,1,29,3.4%,10.2
rath yatra 2026 in varanasi,1,28,3.6%,1.7
taxi 690,1,28,3.6%,4.2
varanasi me ganga aarti time,1,28,3.6%,4.7
banaras se sarnath ki duri,1,28,3.6%,7.8
dashashwamedh ghat aarti timings,1,28,3.6%,11.0
sarnath timings varanasi,1,27,3.7%,1.5
where is manikarnika ghat,1,27,3.7%,1.7
varanasi rath yatra,1,27,3.7%,5.6
varanasi to banaras station distance,1,27,3.7%,10.7
banaras mein kitna ghat hai,1,26,3.8%,5.7
ganga aarti dashashwamedh ghat timing,1,26,3.8%,6.0
scooty on rent in varanasi near me,1,25,4%,3.1
dashmesh ghat ganga aarti time,1,25,4%,5.5
kedar ghat to dashashwamedh ghat distance,1,25,4%,9.2
ganga mahotsav,1,23,4.3%,8.2
rental bike near me,1,23,4.3%,11.0
banaras me ganga aarti time,1,22,4.5%,5.7
banaras bike rent,1,21,4.8%,3.1
vindhyachal dharamshala price per day,1,21,4.8%,7.6
varanasi temple to airport distance,1,20,5%,2.0
scooty rent varanasi,1,20,5%,3.2
vindhyavasini temple distance from varanasi,1,20,5%,3.7
varanasi airport to kashi vishwanath temple uber price,1,20,5%,4.7
lal bahadur shastri airport to kashi vishwanath temple distance,1,20,5%,5.9
varanasi to naimisharanya distance,1,20,5%,10.1
trikon parikrama vindhyachal,1,19,5.3%,1.5
varanasi vindhyachal distance,1,19,5.3%,3.9
ganga aarti timing assi ghat,1,18,5.6%,2.0
dashashwamedh ghat morning aarti time,1,18,5.6%,3.8
is varanasi safe,1,18,5.6%,6.5
varanasi local tour package,1,18,5.6%,12.6
kashi vishwanath temple to airport distance,1,17,5.9%,2.9
bike for rent in varanasi,1,17,5.9%,4.1
sarnath temple varanasi,1,17,5.9%,5.4
cheapest bike rent in varanasi,1,16,6.3%,3.3
weather varanasi,1,16,6.3%,3.4
bike rent in varanasi near railway station,1,16,6.3%,3.6
rath yatra mela 2026 varanasi,1,15,6.7%,2.9
varanasi to vindhyavasini,1,15,6.7%,4.1
varanasi to vindhyavasini distance,1,15,6.7%,5.8
assi ghat aarti timings today,1,15,6.7%,6.1
banaras se vindhyachal distance,1,14,7.1%,3.0
rental bikes in varanasi,1,13,7.7%,3.3
kartik ganga snan kab hai 2026,1,13,7.7%,4.2
rath yatra in varanasi,1,13,7.7%,5.3
goenka dharamshala vindhyachal,1,13,7.7%,10.0
ghat in varanasi,1,12,8.3%,1.0
map of ghats in varanasi,1,12,8.3%,1.0
ashok stambh,1,12,8.3%,3.3
varanasi crime rate,1,12,8.3%,5.3
varanasi me rath yatra kab hai,1,12,8.3%,5.8
vindhyachal mandir to kali khoh distance,1,12,8.3%,6.7
varanasi se mirzapur ki duri,1,12,8.3%,9.3
vindhyachal trikon parikrama,1,11,9.1%,1.5
scooty on rent in banaras,1,11,9.1%,3.0
assi ghat boat ride price,1,11,9.1%,3.4
rent a bike in varanasi,1,11,9.1%,3.9
mahindra kabira festival 2026 dates,1,11,9.1%,4.3
varanasi ke ghat,1,11,9.1%,8.3
ganga aarti timing in varanasi today morning,1,10,10%,1.5
dasaswamedh ghat aarti time today,1,10,10%,2.4
assi ghat ki aarti kitne baje hoti hai,1,10,10%,2.7
varanasi to ayodhya traveller price,1,10,10%,2.9
varanasi se vindhyachal mandir ki duri,1,10,10%,3.0
sarnath museum opening time,1,10,10%,3.2
weather in varanasi in february,1,10,10%,4.8
varanasi dharamshala near mandir with price,1,9,11.1%,1.0
varanasi me bike rent price,1,9,11.1%,3.3
vindhyachal kitni duri per hai,1,9,11.1%,5.3
sarnath varanasi opening time,1,8,12.5%,1.8
kashi taxi service,1,8,12.5%,2.8
rath yatra mela varanasi 2026,1,8,12.5%,2.9
sarnath temple opening time,1,8,12.5%,2.9
rental scooty varanasi,1,8,12.5%,3.0
kasi tamil sangam registration online tamilnadu login app,1,8,12.5%,5.0
boat ride in varanasi price,1,8,12.5%,8.1
kashi temple to airport distance,1,7,14.3%,2.3
varanasi to ayodhya tempo traveller price list,1,7,14.3%,2.9
vindhyachal se banaras kitni dur hai,1,7,14.3%,3.6
dress for banaras trip female,1,7,14.3%,4.4
varanasi airport to railway station,1,7,14.3%,4.9
outfits to wear in banaras,1,7,14.3%,5.7
varanasi ghat kitne hai,1,7,14.3%,6.0
sarnath temple closing time,1,6,16.7%,2.0
tempo traveller 17 seater in varanasi price,1,6,16.7%,3.0
