Country,Clicks,Impressions,CTR,Position
India,861,85927,1%,5.72
United States,16,5535,0.29%,8.27
United Kingdom,6,950,0.63%,7.87
Australia,5,298,1.68%,9.77
Canada,4,470,0.85%,9.14
Nepal,4,212,1.89%,5.52
United Arab Emirates,2,277,0.72%,6.58
Malaysia,2,256,0.78%,6.53
Qatar,2,35,5.71%,5.71
Indonesia,1,240,0.42%,10.04
Germany,1,220,0.45%,7.82
Japan,1,122,0.82%,6.3
Thailand,1,96,1.04%,7.75
South Africa,1,89,1.12%,7.72
Ireland,1,48,2.08%,8.98
Belgium,1,30,3.33%,10.2
Slovenia,1,18,5.56%,7.56
Hong Kong,1,7,14.29%,7
Brazil,0,591,0%,10.12
South Korea,0,285,0%,8.84
Mexico,0,279,0%,9.44
France,0,265,0%,9.28
Vietnam,0,220,0%,8.3
Turkey,0,186,0%,9.75
Singapore,0,185,0%,6.09
Spain,0,173,0%,8.16
Pakistan,0,157,0%,9.26
Italy,0,148,0%,8.32
Philippines,0,128,0%,9.29
Bangladesh,0,124,0%,8.27
Russia,0,106,0%,9.77
Poland,0,96,0%,8.8
Ukraine,0,96,0%,10.47
Netherlands,0,84,0%,8.48
Ecuador,0,76,0%,10.5
Saudi Arabia,0,69,0%,7.25
Argentina,0,69,0%,10.35
Colombia,0,61,0%,9.62
Switzerland,0,55,0%,7.25
Sri Lanka,0,52,0%,7.15
Romania,0,48,0%,7.81
Taiwan,0,44,0%,7.68
Morocco,0,41,0%,10.2
Egypt,0,40,0%,10.25
Czechia,0,39,0%,9.23
Algeria,0,38,0%,10.13
Dominican Republic,0,37,0%,9.05
Oman,0,36,0%,11.47
Sweden,0,35,0%,8.14
Serbia,0,34,0%,10.88
Portugal,0,33,0%,6.73
New Zealand,0,32,0%,6.69
China,0,32,0%,8.19
Norway,0,31,0%,8.52
Nigeria,0,31,0%,8.71
Belarus,0,29,0%,10.62
Israel,0,28,0%,7.79
Chile,0,28,0%,10.68
Peru,0,28,0%,10.86
Hungary,0,27,0%,6.56
Denmark,0,26,0%,7.38
Iraq,0,25,0%,8.96
Austria,0,23,0%,7.61
Lithuania,0,23,0%,9
Greece,0,22,0%,8.05
Tunisia,0,22,0%,13.09
Slovakia,0,20,0%,9.2
Honduras,0,20,0%,10.2
Unknown Region,0,19,0%,9.32
Kenya,0,19,0%,12
Cambodia,0,18,0%,11.78
Bulgaria,0,16,0%,8.56
Finland,0,15,0%,8.4
Zimbabwe,0,15,0%,9.8
Jordan,0,13,0%,10.15
Bhutan,0,12,0%,5.17
Kuwait,0,12,0%,7.25
Mongolia,0,12,0%,7.42
Albania,0,12,0%,9.67
Latvia,0,11,0%,6
Georgia,0,11,0%,9.36
Kazakhstan,0,11,0%,10.73
Jamaica,0,11,0%,13.36
Bahrain,0,10,0%,7.5
Zambia,0,10,0%,8
Bolivia,0,10,0%,10.8
Venezuela,0,10,0%,11.2
Trinidad & Tobago,0,10,0%,12.3
Guatemala,0,10,0%,12.8
Bosnia & Herzegovina,0,9,0%,8.56
Costa Rica,0,9,0%,10.33
Macedonia,0,9,0%,10.56
Mauritius,0,8,0%,6
Azerbaijan,0,8,0%,8.75
Uzbekistan,0,8,0%,12.12
Congo - Kinshasa,0,7,0%,5
Uganda,0,7,0%,5.14
Panama,0,7,0%,6.57
Estonia,0,7,0%,7.14
Moldova,0,7,0%,8.86
Ghana,0,7,0%,13.14
Paraguay,0,7,0%,13.14
Tanzania,0,6,0%,5.17
Cameroon,0,6,0%,9.83
Libya,0,6,0%,9.83
Lebanon,0,6,0%,12
Ethiopia,0,6,0%,13.17
Maldives,0,5,0%,6
Palestine,0,5,0%,7.4
Armenia,0,5,0%,9
Myanmar (Burma),0,5,0%,9.2
Puerto Rico,0,5,0%,9.4
Croatia,0,5,0%,12
Barbados,0,5,0%,14.2
Kyrgyzstan,0,4,0%,5.5
Botswana,0,4,0%,7.25
Cyprus,0,4,0%,11
Senegal,0,4,0%,11.25
Nicaragua,0,4,0%,12.75
Syria,0,4,0%,22
Angola,0,3,0%,3.33
Sudan,0,3,0%,4
Uruguay,0,3,0%,4
Seychelles,0,3,0%,4.33
Mozambique,0,3,0%,5
Iran,0,3,0%,5.33
Montenegro,0,3,0%,5.67
Malawi,0,3,0%,8.67
Malta,0,3,0%,11
Côte d’Ivoire,0,3,0%,20
Turks & Caicos Islands,0,2,0%,1
Benin,0,2,0%,3.5
Kosovo,0,2,0%,5
Fiji,0,2,0%,6
Sierra Leone,0,2,0%,8
Bahamas,0,2,0%,8.5
Mali,0,2,0%,8.5
Namibia,0,2,0%,8.5
Somalia,0,2,0%,9
El Salvador,0,2,0%,10.5
Afghanistan,0,2,0%,14
Belize,0,2,0%,15
Guyana,0,2,0%,18.5
Grenada,0,1,0%,2
Haiti,0,1,0%,2
Burkina Faso,0,1,0%,3
Brunei,0,1,0%,3
Faroe Islands,0,1,0%,3
Togo,0,1,0%,3
St. Kitts & Nevis,0,1,0%,4
Andorra,0,1,0%,6
Guadeloupe,0,1,0%,6
Vanuatu,0,1,0%,6
Swaziland,0,1,0%,7
Luxembourg,0,1,0%,8
South Sudan,0,1,0%,9
Congo - Brazzaville,0,1,0%,10
Jersey,0,1,0%,10
Macau,0,1,0%,10
Bermuda,0,1,0%,11
Liberia,0,1,0%,11
British Virgin Islands,0,1,0%,11
Gibraltar,0,1,0%,12
Cayman Islands,0,1,0%,14
St. Barthélemy,0,1,0%,15
Papua New Guinea,0,1,0%,15
Cuba,0,1,0%,16
Martinique,0,1,0%,16
Guinea-Bissau,0,1,0%,21